TestCase,Mean,Median,StdDev,Min,Max,Type
QueueInOrderMemcpy(api=sycl IsCopyOnly=1 sourcePlacement=Host destinationPlacement=Host size=1MB count=10),274.973,268.764,12.35%,262.730,602.497,[CPU],[us]
QueueInOrderMemcpy(api=sycl IsCopyOnly=0 sourcePlacement=Host destinationPlacement=Host size=1MB count=10),271.706,268.669,2.94%,263.289,305.877,[CPU],[us]
QueueInOrderMemcpy(api=sycl IsCopyOnly=1 sourcePlacement=Host destinationPlacement=Shared size=1MB count=10),268.706,267.030,2.28%,262.256,301.821,[CPU],[us]
QueueInOrderMemcpy(api=sycl IsCopyOnly=0 sourcePlacement=Host destinationPlacement=Shared size=1MB count=10),268.729,267.193,2.36%,260.543,305.664,[CPU],[us]
QueueInOrderMemcpy(api=sycl IsCopyOnly=1 sourcePlacement=Host destinationPlacement=Device size=1MB count=10),270.090,268.899,2.22%,263.955,306.121,[CPU],[us]
QueueInOrderMemcpy(api=sycl IsCopyOnly=0 sourcePlacement=Host destinationPlacement=Device size=1MB count=10),269.817,269.636,1.10%,266.029,287.728,[CPU],[us]
QueueInOrderMemcpy(api=sycl IsCopyOnly=1 sourcePlacement=Shared destinationPlacement=Host size=1MB count=10),267.834,267.479,1.06%,263.252,281.848,[CPU],[us]
QueueInOrderMemcpy(api=sycl IsCopyOnly=0 sourcePlacement=Shared destinationPlacement=Host size=1MB count=10),269.507,266.671,3.44%,261.338,306.676,[CPU],[us]
QueueInOrderMemcpy(api=sycl IsCopyOnly=1 sourcePlacement=Shared destinationPlacement=Shared size=1MB count=10),269.248,264.996,3.82%,259.841,306.538,[CPU],[us]
QueueInOrderMemcpy(api=sycl IsCopyOnly=0 sourcePlacement=Shared destinationPlacement=Shared size=1MB count=10),269.600,265.971,4.39%,260.751,330.806,[CPU],[us]
QueueInOrderMemcpy(api=sycl IsCopyOnly=1 sourcePlacement=Shared destinationPlacement=Device size=1MB count=10),270.109,268.106,3.19%,263.082,307.979,[CPU],[us]
QueueInOrderMemcpy(api=sycl IsCopyOnly=0 sourcePlacement=Shared destinationPlacement=Device size=1MB count=10),272.257,268.756,3.65%,263.342,307.811,[CPU],[us]
QueueInOrderMemcpy(api=sycl IsCopyOnly=1 sourcePlacement=Device destinationPlacement=Host size=1MB count=10),273.417,270.397,3.47%,265.179,309.610,[CPU],[us]
QueueInOrderMemcpy(api=sycl IsCopyOnly=0 sourcePlacement=Device destinationPlacement=Host size=1MB count=10),269.949,270.052,0.70%,266.008,274.827,[CPU],[us]
QueueInOrderMemcpy(api=sycl IsCopyOnly=1 sourcePlacement=Device destinationPlacement=Shared size=1MB count=10),269.084,268.648,1.36%,263.729,290.114,[CPU],[us]
QueueInOrderMemcpy(api=sycl IsCopyOnly=0 sourcePlacement=Device destinationPlacement=Shared size=1MB count=10),269.544,268.058,2.49%,264.351,306.077,[CPU],[us]
QueueInOrderMemcpy(api=sycl IsCopyOnly=1 sourcePlacement=Device destinationPlacement=Device size=1MB count=10),271.125,269.358,2.97%,264.409,308.744,[CPU],[us]
QueueInOrderMemcpy(api=sycl IsCopyOnly=0 sourcePlacement=Device destinationPlacement=Device size=1MB count=10),271.194,269.560,2.18%,265.575,302.524,[CPU],[us]
QueueMemcpy(api=sycl sourcePlacement=Host destinationPlacement=Host size=128MB),6748.991,6746.322,0.31%,6709.920,6819.855,[CPU],[us]
QueueMemcpy(api=sycl sourcePlacement=Host destinationPlacement=Host size=512MB),26787.431,26770.132,0.15%,26712.099,26888.192,[CPU],[us]
QueueMemcpy(api=sycl sourcePlacement=Host destinationPlacement=Shared size=128MB),6770.264,6755.423,0.99%,6721.777,7066.314,[CPU],[us]
QueueMemcpy(api=sycl sourcePlacement=Host destinationPlacement=Shared size=512MB),26794.348,26784.067,0.16%,26715.728,26937.652,[CPU],[us]
QueueMemcpy(api=sycl sourcePlacement=Host destinationPlacement=Device size=128MB),6762.219,6758.716,0.33%,6725.237,6842.303,[CPU],[us]
QueueMemcpy(api=sycl sourcePlacement=Host destinationPlacement=Device size=512MB),26805.052,26792.990,0.18%,26729.241,26964.777,[CPU],[us]
QueueMemcpy(api=sycl sourcePlacement=Shared destinationPlacement=Host size=128MB),6765.510,6749.649,0.99%,6709.485,7062.926,[CPU],[us]
QueueMemcpy(api=sycl sourcePlacement=Shared destinationPlacement=Host size=512MB),26791.728,26782.281,0.18%,26716.254,26988.930,[CPU],[us]
QueueMemcpy(api=sycl sourcePlacement=Shared destinationPlacement=Shared size=128MB),6774.817,6762.771,1.00%,6719.502,7073.921,[CPU],[us]
QueueMemcpy(api=sycl sourcePlacement=Shared destinationPlacement=Shared size=512MB),26801.255,26783.749,0.22%,26730.222,27112.386,[CPU],[us]
QueueMemcpy(api=sycl sourcePlacement=Shared destinationPlacement=Device size=128MB),6769.536,6756.545,1.25%,6724.972,7511.707,[CPU],[us]
QueueMemcpy(api=sycl sourcePlacement=Shared destinationPlacement=Device size=512MB),26784.644,26775.893,0.16%,26713.477,26916.804,[CPU],[us]
QueueMemcpy(api=sycl sourcePlacement=Device destinationPlacement=Host size=128MB),6822.528,6817.482,0.40%,6784.543,6979.371,[CPU],[us]
QueueMemcpy(api=sycl sourcePlacement=Device destinationPlacement=Host size=512MB),26786.914,26778.526,0.16%,26721.349,26904.079,[CPU],[us]
QueueMemcpy(api=sycl sourcePlacement=Device destinationPlacement=Shared size=128MB),6704.270,6688.224,1.09%,6646.115,7054.938,[CPU],[us]
QueueMemcpy(api=sycl sourcePlacement=Device destinationPlacement=Shared size=512MB),26804.484,26794.997,0.17%,26737.135,26963.122,[CPU],[us]
QueueMemcpy(api=sycl sourcePlacement=Device destinationPlacement=Device size=128MB),6595.437,6569.745,1.24%,6533.268,6973.788,[CPU],[us]
QueueMemcpy(api=sycl sourcePlacement=Device destinationPlacement=Device size=512MB),26520.676,26504.948,0.32%,26372.622,26753.065,[CPU],[us]
StreamMemory(api=sycl type=Read size=1MB useEvents=0 contents=Zeros memoryPlacement=Device multiplier=1 vectorSize=1),15.674,15.786,4.71%,10.221,16.425,[CPU],[GB/s]
StreamMemory(api=sycl type=Read size=1MB useEvents=0 contents=Zeros memoryPlacement=Device multiplier=1 vectorSize=2),15.506,15.774,5.70%,10.162,16.573,[CPU],[GB/s]
StreamMemory(api=sycl type=Read size=1MB useEvents=0 contents=Zeros memoryPlacement=Device multiplier=1 vectorSize=4),15.853,16.128,5.21%,13.053,16.967,[CPU],[GB/s]
StreamMemory(api=sycl type=Read size=1MB useEvents=0 contents=Zeros memoryPlacement=Host multiplier=1 vectorSize=1),15.787,15.967,5.00%,12.914,16.954,[CPU],[GB/s]
StreamMemory(api=sycl type=Read size=1MB useEvents=0 contents=Zeros memoryPlacement=Host multiplier=1 vectorSize=2),15.831,16.237,6.56%,12.092,17.061,[CPU],[GB/s]
StreamMemory(api=sycl type=Read size=1MB useEvents=0 contents=Zeros memoryPlacement=Host multiplier=1 vectorSize=4),16.841,17.296,8.34%,10.152,18.317,[CPU],[GB/s]
StreamMemory(api=sycl type=Read size=1MB useEvents=0 contents=Random memoryPlacement=Device multiplier=1 vectorSize=1),17.128,17.568,5.51%,14.010,18.358,[CPU],[GB/s]
StreamMemory(api=sycl type=Read size=1MB useEvents=0 contents=Random memoryPlacement=Device multiplier=1 vectorSize=2),17.098,17.305,4.71%,13.700,18.269,[CPU],[GB/s]
StreamMemory(api=sycl type=Read size=1MB useEvents=0 contents=Random memoryPlacement=Device multiplier=1 vectorSize=4),16.976,17.333,5.86%,13.279,18.419,[CPU],[GB/s]
StreamMemory(api=sycl type=Read size=1MB useEvents=0 contents=Random memoryPlacement=Host multiplier=1 vectorSize=1),16.959,17.236,6.59%,10.637,18.454,[CPU],[GB/s]
StreamMemory(api=sycl type=Read size=1MB useEvents=0 contents=Random memoryPlacement=Host multiplier=1 vectorSize=2),17.105,17.349,4.85%,13.524,18.346,[CPU],[GB/s]
StreamMemory(api=sycl type=Read size=1MB useEvents=0 contents=Random memoryPlacement=Host multiplier=1 vectorSize=4),16.995,17.371,5.90%,12.475,18.317,[CPU],[GB/s]
StreamMemory(api=sycl type=Read size=1MB useEvents=1 contents=Zeros memoryPlacement=Device multiplier=1 vectorSize=1),42.155,42.542,7.03%,25.269,48.012,[GPU],[GB/s]
StreamMemory(api=sycl type=Read size=1MB useEvents=1 contents=Zeros memoryPlacement=Device multiplier=1 vectorSize=2),42.109,42.632,6.53%,33.386,48.241,[GPU],[GB/s]
StreamMemory(api=sycl type=Read size=1MB useEvents=1 contents=Zeros memoryPlacement=Device multiplier=1 vectorSize=4),42.187,42.996,6.98%,27.699,47.336,[GPU],[GB/s]
StreamMemory(api=sycl type=Read size=1MB useEvents=1 contents=Zeros memoryPlacement=Host multiplier=1 vectorSize=1),42.165,42.722,7.51%,21.452,46.895,[GPU],[GB/s]
StreamMemory(api=sycl type=Read size=1MB useEvents=1 contents=Zeros memoryPlacement=Host multiplier=1 vectorSize=2),41.895,42.275,6.29%,31.312,47.114,[GPU],[GB/s]
StreamMemory(api=sycl type=Read size=1MB useEvents=1 contents=Zeros memoryPlacement=Host multiplier=1 vectorSize=4),42.051,42.813,7.80%,26.744,48.708,[GPU],[GB/s]
StreamMemory(api=sycl type=Read size=1MB useEvents=1 contents=Random memoryPlacement=Device multiplier=1 vectorSize=1),41.839,42.453,8.75%,26.256,48.012,[GPU],[GB/s]
StreamMemory(api=sycl type=Read size=1MB useEvents=1 contents=Random memoryPlacement=Device multiplier=1 vectorSize=2),42.444,43.087,7.70%,25.461,49.424,[GPU],[GB/s]
StreamMemory(api=sycl type=Read size=1MB useEvents=1 contents=Random memoryPlacement=Device multiplier=1 vectorSize=4),42.391,43.087,6.62%,33.608,48.012,[GPU],[GB/s]
StreamMemory(api=sycl type=Read size=1MB useEvents=1 contents=Random memoryPlacement=Host multiplier=1 vectorSize=1),41.781,42.542,6.84%,27.398,47.114,[GPU],[GB/s]
StreamMemory(api=sycl type=Read size=1MB useEvents=1 contents=Random memoryPlacement=Host multiplier=1 vectorSize=2),42.696,42.722,6.40%,32.735,48.473,[GPU],[GB/s]
StreamMemory(api=sycl type=Read size=1MB useEvents=1 contents=Random memoryPlacement=Host multiplier=1 vectorSize=4),42.504,43.087,6.33%,35.753,46.895,[GPU],[GB/s]
StreamMemory(api=sycl type=Read size=8MB useEvents=0 contents=Zeros memoryPlacement=Device multiplier=1 vectorSize=1),38.068,38.484,3.47%,29.292,39.188,[CPU],[GB/s]
StreamMemory(api=sycl type=Read size=8MB useEvents=0 contents=Zeros memoryPlacement=Device multiplier=1 vectorSize=2),38.169,38.430,3.24%,31.743,39.420,[CPU],[GB/s]
StreamMemory(api=sycl type=Read size=8MB useEvents=0 contents=Zeros memoryPlacement=Device multiplier=1 vectorSize=4),37.937,38.317,2.97%,32.002,39.148,[CPU],[GB/s]
StreamMemory(api=sycl type=Read size=8MB useEvents=0 contents=Zeros memoryPlacement=Host multiplier=1 vectorSize=1),38.007,38.327,2.86%,31.578,39.344,[CPU],[GB/s]
StreamMemory(api=sycl type=Read size=8MB useEvents=0 contents=Zeros memoryPlacement=Host multiplier=1 vectorSize=2),38.239,38.429,2.81%,29.548,39.109,[CPU],[GB/s]
StreamMemory(api=sycl type=Read size=8MB useEvents=0 contents=Zeros memoryPlacement=Host multiplier=1 vectorSize=4),37.755,38.202,3.35%,32.033,39.096,[CPU],[GB/s]
StreamMemory(api=sycl type=Read size=8MB useEvents=0 contents=Random memoryPlacement=Device multiplier=1 vectorSize=1),38.080,38.250,2.37%,32.105,39.047,[CPU],[GB/s]
StreamMemory(api=sycl type=Read size=8MB useEvents=0 contents=Random memoryPlacement=Device multiplier=1 vectorSize=2),38.225,38.390,2.15%,31.674,38.994,[CPU],[GB/s]
StreamMemory(api=sycl type=Read size=8MB useEvents=0 contents=Random memoryPlacement=Device multiplier=1 vectorSize=4),37.652,38.176,3.78%,31.790,38.986,[CPU],[GB/s]
StreamMemory(api=sycl type=Read size=8MB useEvents=0 contents=Random memoryPlacement=Host multiplier=1 vectorSize=1),37.927,38.401,3.29%,31.998,39.129,[CPU],[GB/s]
StreamMemory(api=sycl type=Read size=8MB useEvents=0 contents=Random memoryPlacement=Host multiplier=1 vectorSize=2),37.987,38.407,3.66%,28.934,39.236,[CPU],[GB/s]
StreamMemory(api=sycl type=Read size=8MB useEvents=0 contents=Random memoryPlacement=Host multiplier=1 vectorSize=4),38.073,38.314,2.44%,31.776,38.966,[CPU],[GB/s]
StreamMemory(api=sycl type=Read size=8MB useEvents=1 contents=Zeros memoryPlacement=Device multiplier=1 vectorSize=1),46.278,46.330,1.74%,39.970,47.391,[GPU],[GB/s]
StreamMemory(api=sycl type=Read size=8MB useEvents=1 contents=Zeros memoryPlacement=Device multiplier=1 vectorSize=2),46.330,46.503,2.26%,39.558,47.531,[GPU],[GB/s]
StreamMemory(api=sycl type=Read size=8MB useEvents=1 contents=Zeros memoryPlacement=Device multiplier=1 vectorSize=4),46.338,46.490,1.87%,40.209,47.308,[GPU],[GB/s]
StreamMemory(api=sycl type=Read size=8MB useEvents=1 contents=Zeros memoryPlacement=Host multiplier=1 vectorSize=1),46.348,46.463,2.16%,39.385,47.503,[GPU],[GB/s]
StreamMemory(api=sycl type=Read size=8MB useEvents=1 contents=Zeros memoryPlacement=Host multiplier=1 vectorSize=2),46.271,46.503,2.26%,40.655,47.503,[GPU],[GB/s]
StreamMemory(api=sycl type=Read size=8MB useEvents=1 contents=Zeros memoryPlacement=Host multiplier=1 vectorSize=4),46.345,46.490,1.89%,39.931,47.363,[GPU],[GB/s]
StreamMemory(api=sycl type=Read size=8MB useEvents=1 contents=Random memoryPlacement=Device multiplier=1 vectorSize=1),46.003,46.436,2.74%,40.290,47.114,[GPU],[GB/s]
StreamMemory(api=sycl type=Read size=8MB useEvents=1 contents=Random memoryPlacement=Device multiplier=1 vectorSize=2),46.025,46.303,2.39%,40.249,47.615,[GPU],[GB/s]
StreamMemory(api=sycl type=Read size=8MB useEvents=1 contents=Random memoryPlacement=Device multiplier=1 vectorSize=4),45.916,46.396,3.04%,40.169,47.587,[GPU],[GB/s]
StreamMemory(api=sycl type=Read size=8MB useEvents=1 contents=Random memoryPlacement=Host multiplier=1 vectorSize=1),45.746,46.303,3.47%,38.446,47.087,[GPU],[GB/s]
StreamMemory(api=sycl type=Read size=8MB useEvents=1 contents=Random memoryPlacement=Host multiplier=1 vectorSize=2),46.156,46.409,2.31%,40.533,47.363,[GPU],[GB/s]
StreamMemory(api=sycl type=Read size=8MB useEvents=1 contents=Random memoryPlacement=Host multiplier=1 vectorSize=4),45.915,46.316,3.36%,36.915,47.419,[GPU],[GB/s]
StreamMemory(api=sycl type=Read size=32MB useEvents=0 contents=Zeros memoryPlacement=Device multiplier=1 vectorSize=1),33.111,33.218,1.15%,32.075,33.851,[CPU],[GB/s]
StreamMemory(api=sycl type=Read size=32MB useEvents=0 contents=Zeros memoryPlacement=Device multiplier=1 vectorSize=2),33.044,33.119,1.25%,31.468,33.821,[CPU],[GB/s]
StreamMemory(api=sycl type=Read size=32MB useEvents=0 contents=Zeros memoryPlacement=Device multiplier=1 vectorSize=4),33.175,33.275,1.20%,31.551,34.040,[CPU],[GB/s]
StreamMemory(api=sycl type=Read size=32MB useEvents=0 contents=Zeros memoryPlacement=Host multiplier=1 vectorSize=1),33.062,33.227,1.27%,31.857,33.677,[CPU],[GB/s]
StreamMemory(api=sycl type=Read size=32MB useEvents=0 contents=Zeros memoryPlacement=Host multiplier=1 vectorSize=2),33.358,33.427,0.89%,32.320,33.802,[CPU],[GB/s]
StreamMemory(api=sycl type=Read size=32MB useEvents=0 contents=Zeros memoryPlacement=Host multiplier=1 vectorSize=4),33.314,33.354,0.67%,32.485,33.688,[CPU],[GB/s]
StreamMemory(api=sycl type=Read size=32MB useEvents=0 contents=Random memoryPlacement=Device multiplier=1 vectorSize=1),33.229,33.322,1.01%,31.917,33.677,[CPU],[GB/s]
StreamMemory(api=sycl type=Read size=32MB useEvents=0 contents=Random memoryPlacement=Device multiplier=1 vectorSize=2),33.264,33.346,1.29%,30.542,33.819,[CPU],[GB/s]
StreamMemory(api=sycl type=Read size=32MB useEvents=0 contents=Random memoryPlacement=Device multiplier=1 vectorSize=4),33.259,33.281,0.76%,32.383,33.910,[CPU],[GB/s]
StreamMemory(api=sycl type=Read size=32MB useEvents=0 contents=Random memoryPlacement=Host multiplier=1 vectorSize=1),33.138,33.159,0.62%,32.144,33.774,[CPU],[GB/s]
StreamMemory(api=sycl type=Read size=32MB useEvents=0 contents=Random memoryPlacement=Host multiplier=1 vectorSize=2),33.362,33.401,0.65%,32.163,33.765,[CPU],[GB/s]
StreamMemory(api=sycl type=Read size=32MB useEvents=0 contents=Random memoryPlacement=Host multiplier=1 vectorSize=4),33.438,33.484,0.82%,31.839,33.950,[CPU],[GB/s]
StreamMemory(api=sycl type=Read size=32MB useEvents=1 contents=Zeros memoryPlacement=Device multiplier=1 vectorSize=1),35.386,35.408,0.50%,34.760,35.821,[GPU],[GB/s]
StreamMemory(api=sycl type=Read size=32MB useEvents=1 contents=Zeros memoryPlacement=Device multiplier=1 vectorSize=2),35.058,35.090,0.47%,34.415,35.369,[GPU],[GB/s]
StreamMemory(api=sycl type=Read size=32MB useEvents=1 contents=Zeros memoryPlacement=Device multiplier=1 vectorSize=4),35.259,35.263,0.49%,34.730,35.714,[GPU],[GB/s]
StreamMemory(api=sycl type=Read size=32MB useEvents=1 contents=Zeros memoryPlacement=Host multiplier=1 vectorSize=1),35.073,35.115,0.62%,34.174,35.439,[GPU],[GB/s]
StreamMemory(api=sycl type=Read size=32MB useEvents=1 contents=Zeros memoryPlacement=Host multiplier=1 vectorSize=2),35.302,35.346,0.78%,34.131,35.769,[GPU],[GB/s]
StreamMemory(api=sycl type=Read size=32MB useEvents=1 contents=Zeros memoryPlacement=Host multiplier=1 vectorSize=4),35.331,35.369,0.66%,34.091,35.745,[GPU],[GB/s]
StreamMemory(api=sycl type=Read size=32MB useEvents=1 contents=Random memoryPlacement=Device multiplier=1 vectorSize=1),35.314,35.325,0.50%,34.775,35.698,[GPU],[GB/s]
StreamMemory(api=sycl type=Read size=32MB useEvents=1 contents=Random memoryPlacement=Device multiplier=1 vectorSize=2),35.021,35.052,0.54%,34.196,35.408,[GPU],[GB/s]
StreamMemory(api=sycl type=Read size=32MB useEvents=1 contents=Random memoryPlacement=Device multiplier=1 vectorSize=4),35.006,35.005,0.47%,34.258,35.393,[GPU],[GB/s]
StreamMemory(api=sycl type=Read size=32MB useEvents=1 contents=Random memoryPlacement=Host multiplier=1 vectorSize=1),34.897,34.967,1.04%,32.126,35.311,[GPU],[GB/s]
StreamMemory(api=sycl type=Read size=32MB useEvents=1 contents=Random memoryPlacement=Host multiplier=1 vectorSize=2),35.150,35.180,0.48%,34.470,35.412,[GPU],[GB/s]
StreamMemory(api=sycl type=Read size=32MB useEvents=1 contents=Random memoryPlacement=Host multiplier=1 vectorSize=4),35.073,35.094,0.60%,34.400,35.506,[GPU],[GB/s]
StreamMemory(api=sycl type=Read size=128MB useEvents=0 contents=Zeros memoryPlacement=Device multiplier=1 vectorSize=1),33.158,33.184,0.47%,32.115,33.458,[CPU],[GB/s]
StreamMemory(api=sycl type=Read size=128MB useEvents=0 contents=Zeros memoryPlacement=Device multiplier=1 vectorSize=2),33.200,33.210,0.36%,32.619,33.425,[CPU],[GB/s]
StreamMemory(api=sycl type=Read size=128MB useEvents=0 contents=Zeros memoryPlacement=Device multiplier=1 vectorSize=4),33.242,33.246,0.29%,32.943,33.537,[CPU],[GB/s]
StreamMemory(api=sycl type=Read size=128MB useEvents=0 contents=Zeros memoryPlacement=Host multiplier=1 vectorSize=1),33.280,33.285,0.37%,32.461,33.502,[CPU],[GB/s]
StreamMemory(api=sycl type=Read size=128MB useEvents=0 contents=Zeros memoryPlacement=Host multiplier=1 vectorSize=2),33.214,33.218,0.26%,32.934,33.492,[CPU],[GB/s]
StreamMemory(api=sycl type=Read size=128MB useEvents=0 contents=Zeros memoryPlacement=Host multiplier=1 vectorSize=4),33.204,33.225,0.40%,32.356,33.407,[CPU],[GB/s]
StreamMemory(api=sycl type=Read size=128MB useEvents=0 contents=Random memoryPlacement=Device multiplier=1 vectorSize=1),33.273,33.291,0.41%,32.717,33.489,[CPU],[GB/s]
StreamMemory(api=sycl type=Read size=128MB useEvents=0 contents=Random memoryPlacement=Device multiplier=1 vectorSize=2),33.238,33.251,0.32%,32.909,33.512,[CPU],[GB/s]
StreamMemory(api=sycl type=Read size=128MB useEvents=0 contents=Random memoryPlacement=Device multiplier=1 vectorSize=4),33.224,33.237,0.31%,32.915,33.456,[CPU],[GB/s]
StreamMemory(api=sycl type=Read size=128MB useEvents=0 contents=Random memoryPlacement=Host multiplier=1 vectorSize=1),33.217,33.224,0.34%,32.846,33.532,[CPU],[GB/s]
StreamMemory(api=sycl type=Read size=128MB useEvents=0 contents=Random memoryPlacement=Host multiplier=1 vectorSize=2),33.266,33.268,0.30%,32.947,33.476,[CPU],[GB/s]
StreamMemory(api=sycl type=Read size=128MB useEvents=0 contents=Random memoryPlacement=Host multiplier=1 vectorSize=4),33.184,33.196,0.42%,32.683,33.415,[CPU],[GB/s]
StreamMemory(api=sycl type=Read size=128MB useEvents=1 contents=Zeros memoryPlacement=Device multiplier=1 vectorSize=1),33.635,33.659,0.32%,33.258,33.798,[GPU],[GB/s]
StreamMemory(api=sycl type=Read size=128MB useEvents=1 contents=Zeros memoryPlacement=Device multiplier=1 vectorSize=2),33.642,33.653,0.30%,33.343,33.901,[GPU],[GB/s]
StreamMemory(api=sycl type=Read size=128MB useEvents=1 contents=Zeros memoryPlacement=Device multiplier=1 vectorSize=4),33.689,33.695,0.28%,33.451,33.880,[GPU],[GB/s]
StreamMemory(api=sycl type=Read size=128MB useEvents=1 contents=Zeros memoryPlacement=Host multiplier=1 vectorSize=1),33.724,33.754,0.41%,33.184,33.959,[GPU],[GB/s]
StreamMemory(api=sycl type=Read size=128MB useEvents=1 contents=Zeros memoryPlacement=Host multiplier=1 vectorSize=2),33.731,33.755,0.35%,33.341,33.949,[GPU],[GB/s]
StreamMemory(api=sycl type=Read size=128MB useEvents=1 contents=Zeros memoryPlacement=Host multiplier=1 vectorSize=4),33.611,33.623,0.35%,33.152,33.816,[GPU],[GB/s]
StreamMemory(api=sycl type=Read size=128MB useEvents=1 contents=Random memoryPlacement=Device multiplier=1 vectorSize=1),33.756,33.763,0.34%,33.428,33.972,[GPU],[GB/s]
StreamMemory(api=sycl type=Read size=128MB useEvents=1 contents=Random memoryPlacement=Device multiplier=1 vectorSize=2),33.760,33.785,0.32%,33.414,33.940,[GPU],[GB/s]
StreamMemory(api=sycl type=Read size=128MB useEvents=1 contents=Random memoryPlacement=Device multiplier=1 vectorSize=4),33.718,33.721,0.31%,33.431,33.922,[GPU],[GB/s]
StreamMemory(api=sycl type=Read size=128MB useEvents=1 contents=Random memoryPlacement=Host multiplier=1 vectorSize=1),33.705,33.728,0.36%,33.227,33.884,[GPU],[GB/s]
StreamMemory(api=sycl type=Read size=128MB useEvents=1 contents=Random memoryPlacement=Host multiplier=1 vectorSize=2),33.726,33.741,0.31%,33.392,33.961,[GPU],[GB/s]
StreamMemory(api=sycl type=Read size=128MB useEvents=1 contents=Random memoryPlacement=Host multiplier=1 vectorSize=4),33.700,33.708,0.34%,33.258,33.952,[GPU],[GB/s]
StreamMemory(api=sycl type=Read size=512MB useEvents=0 contents=Zeros memoryPlacement=Device multiplier=1 vectorSize=1),33.397,33.403,0.21%,33.143,33.541,[CPU],[GB/s]
StreamMemory(api=sycl type=Read size=512MB useEvents=0 contents=Zeros memoryPlacement=Device multiplier=1 vectorSize=2),33.360,33.375,0.19%,33.134,33.476,[CPU],[GB/s]
StreamMemory(api=sycl type=Read size=512MB useEvents=0 contents=Zeros memoryPlacement=Device multiplier=1 vectorSize=4),33.345,33.359,0.20%,33.104,33.468,[CPU],[GB/s]
StreamMemory(api=sycl type=Read size=512MB useEvents=0 contents=Zeros memoryPlacement=Host multiplier=1 vectorSize=1),33.424,33.430,0.18%,33.216,33.522,[CPU],[GB/s]
StreamMemory(api=sycl type=Read size=512MB useEvents=0 contents=Zeros memoryPlacement=Host multiplier=1 vectorSize=2),33.360,33.365,0.17%,33.175,33.464,[CPU],[GB/s]
StreamMemory(api=sycl type=Read size=512MB useEvents=0 contents=Zeros memoryPlacement=Host multiplier=1 vectorSize=4),33.398,33.403,0.17%,33.211,33.541,[CPU],[GB/s]
StreamMemory(api=sycl type=Read size=512MB useEvents=0 contents=Random memoryPlacement=Device multiplier=1 vectorSize=1),33.450,33.462,0.18%,33.228,33.565,[CPU],[GB/s]
StreamMemory(api=sycl type=Read size=512MB useEvents=0 contents=Random memoryPlacement=Device multiplier=1 vectorSize=2),33.370,33.381,0.17%,33.195,33.491,[CPU],[GB/s]
StreamMemory(api=sycl type=Read size=512MB useEvents=0 contents=Random memoryPlacement=Device multiplier=1 vectorSize=4),33.390,33.432,0.42%,32.654,33.574,[CPU],[GB/s]
StreamMemory(api=sycl type=Read size=512MB useEvents=0 contents=Random memoryPlacement=Host multiplier=1 vectorSize=1),33.364,33.370,0.23%,33.160,33.553,[CPU],[GB/s]
StreamMemory(api=sycl type=Read size=512MB useEvents=0 contents=Random memoryPlacement=Host multiplier=1 vectorSize=2),33.373,33.389,0.32%,33.076,33.534,[CPU],[GB/s]
StreamMemory(api=sycl type=Read size=512MB useEvents=0 contents=Random memoryPlacement=Host multiplier=1 vectorSize=4),33.275,33.280,0.33%,32.949,33.481,[CPU],[GB/s]
StreamMemory(api=sycl type=Read size=512MB useEvents=1 contents=Zeros memoryPlacement=Device multiplier=1 vectorSize=1),33.558,33.570,0.21%,33.274,33.680,[GPU],[GB/s]
StreamMemory(api=sycl type=Read size=512MB useEvents=1 contents=Zeros memoryPlacement=Device multiplier=1 vectorSize=2),33.519,33.527,0.19%,33.300,33.627,[GPU],[GB/s]
StreamMemory(api=sycl type=Read size=512MB useEvents=1 contents=Zeros memoryPlacement=Device multiplier=1 vectorSize=4),33.584,33.595,0.18%,33.420,33.689,[GPU],[GB/s]
StreamMemory(api=sycl type=Read size=512MB useEvents=1 contents=Zeros memoryPlacement=Host multiplier=1 vectorSize=1),33.620,33.627,0.19%,33.352,33.716,[GPU],[GB/s]
StreamMemory(api=sycl type=Read size=512MB useEvents=1 contents=Zeros memoryPlacement=Host multiplier=1 vectorSize=2),33.560,33.562,0.17%,33.375,33.678,[GPU],[GB/s]
StreamMemory(api=sycl type=Read size=512MB useEvents=1 contents=Zeros memoryPlacement=Host multiplier=1 vectorSize=4),33.647,33.655,0.19%,33.348,33.752,[GPU],[GB/s]
StreamMemory(api=sycl type=Read size=512MB useEvents=1 contents=Random memoryPlacement=Device multiplier=1 vectorSize=1),33.603,33.610,0.16%,33.406,33.705,[GPU],[GB/s]
StreamMemory(api=sycl type=Read size=512MB useEvents=1 contents=Random memoryPlacement=Device multiplier=1 vectorSize=2),33.536,33.541,0.16%,33.402,33.652,[GPU],[GB/s]
StreamMemory(api=sycl type=Read size=512MB useEvents=1 contents=Random memoryPlacement=Device multiplier=1 vectorSize=4),33.553,33.562,0.18%,33.407,33.671,[GPU],[GB/s]
StreamMemory(api=sycl type=Read size=512MB useEvents=1 contents=Random memoryPlacement=Host multiplier=1 vectorSize=1),33.517,33.523,0.16%,33.382,33.655,[GPU],[GB/s]
StreamMemory(api=sycl type=Read size=512MB useEvents=1 contents=Random memoryPlacement=Host multiplier=1 vectorSize=2),33.641,33.647,0.16%,33.488,33.764,[GPU],[GB/s]
StreamMemory(api=sycl type=Read size=512MB useEvents=1 contents=Random memoryPlacement=Host multiplier=1 vectorSize=4),33.587,33.590,0.17%,33.418,33.740,[GPU],[GB/s]
StreamMemory(api=sycl type=Read size=1GB useEvents=0 contents=Zeros memoryPlacement=Device multiplier=1 vectorSize=1),33.452,33.450,0.11%,33.356,33.533,[CPU],[GB/s]
StreamMemory(api=sycl type=Read size=1GB useEvents=0 contents=Zeros memoryPlacement=Device multiplier=1 vectorSize=2),33.461,33.474,0.16%,33.265,33.556,[CPU],[GB/s]
StreamMemory(api=sycl type=Read size=1GB useEvents=0 contents=Zeros memoryPlacement=Device multiplier=1 vectorSize=4),33.350,33.367,0.26%,32.988,33.473,[CPU],[GB/s]
StreamMemory(api=sycl type=Read size=1GB useEvents=0 contents=Zeros memoryPlacement=Host multiplier=1 vectorSize=1),33.398,33.405,0.14%,33.238,33.507,[CPU],[GB/s]
StreamMemory(api=sycl type=Read size=1GB useEvents=0 contents=Zeros memoryPlacement=Host multiplier=1 vectorSize=2),33.454,33.453,0.13%,33.327,33.533,[CPU],[GB/s]
StreamMemory(api=sycl type=Read size=1GB useEvents=0 contents=Zeros memoryPlacement=Host multiplier=1 vectorSize=4),33.570,33.577,0.14%,33.380,33.658,[CPU],[GB/s]
StreamMemory(api=sycl type=Read size=1GB useEvents=0 contents=Random memoryPlacement=Device multiplier=1 vectorSize=1),33.504,33.509,0.11%,33.427,33.582,[CPU],[GB/s]
StreamMemory(api=sycl type=Read size=1GB useEvents=0 contents=Random memoryPlacement=Device multiplier=1 vectorSize=2),33.456,33.460,0.13%,33.319,33.545,[CPU],[GB/s]
StreamMemory(api=sycl type=Read size=1GB useEvents=0 contents=Random memoryPlacement=Device multiplier=1 vectorSize=4),33.460,33.467,0.13%,33.339,33.543,[CPU],[GB/s]
StreamMemory(api=sycl type=Read size=1GB useEvents=0 contents=Random memoryPlacement=Host multiplier=1 vectorSize=1),33.413,33.421,0.14%,33.274,33.503,[CPU],[GB/s]
StreamMemory(api=sycl type=Read size=1GB useEvents=0 contents=Random memoryPlacement=Host multiplier=1 vectorSize=2),33.474,33.484,0.18%,33.097,33.587,[CPU],[GB/s]
StreamMemory(api=sycl type=Read size=1GB useEvents=0 contents=Random memoryPlacement=Host multiplier=1 vectorSize=4),33.358,33.378,0.32%,32.802,33.515,[CPU],[GB/s]
StreamMemory(api=sycl type=Read size=1GB useEvents=1 contents=Zeros memoryPlacement=Device multiplier=1 vectorSize=1),33.498,33.515,0.28%,33.163,33.669,[GPU],[GB/s]
StreamMemory(api=sycl type=Read size=1GB useEvents=1 contents=Zeros memoryPlacement=Device multiplier=1 vectorSize=2),33.568,33.577,0.15%,33.296,33.664,[GPU],[GB/s]
StreamMemory(api=sycl type=Read size=1GB useEvents=1 contents=Zeros memoryPlacement=Device multiplier=1 vectorSize=4),33.525,33.529,0.12%,33.399,33.611,[GPU],[GB/s]
StreamMemory(api=sycl type=Read size=1GB useEvents=1 contents=Zeros memoryPlacement=Host multiplier=1 vectorSize=1),33.527,33.537,0.23%,33.196,33.658,[GPU],[GB/s]
StreamMemory(api=sycl type=Read size=1GB useEvents=1 contents=Zeros memoryPlacement=Host multiplier=1 vectorSize=2),33.644,33.661,0.22%,33.269,33.757,[GPU],[GB/s]
StreamMemory(api=sycl type=Read size=1GB useEvents=1 contents=Zeros memoryPlacement=Host multiplier=1 vectorSize=4),33.598,33.606,0.12%,33.482,33.669,[GPU],[GB/s]
StreamMemory(api=sycl type=Read size=1GB useEvents=1 contents=Random memoryPlacement=Device multiplier=1 vectorSize=1),33.638,33.660,0.25%,33.239,33.734,[GPU],[GB/s]
StreamMemory(api=sycl type=Read size=1GB useEvents=1 contents=Random memoryPlacement=Device multiplier=1 vectorSize=2),33.581,33.585,0.17%,33.293,33.678,[GPU],[GB/s]
StreamMemory(api=sycl type=Read size=1GB useEvents=1 contents=Random memoryPlacement=Device multiplier=1 vectorSize=4),33.505,33.558,0.44%,32.964,33.673,[GPU],[GB/s]
StreamMemory(api=sycl type=Read size=1GB useEvents=1 contents=Random memoryPlacement=Host multiplier=1 vectorSize=1),33.491,33.499,0.33%,33.136,33.670,[GPU],[GB/s]
StreamMemory(api=sycl type=Read size=1GB useEvents=1 contents=Random memoryPlacement=Host multiplier=1 vectorSize=2),33.626,33.675,0.36%,33.331,33.752,[GPU],[GB/s]
StreamMemory(api=sycl type=Read size=1GB useEvents=1 contents=Random memoryPlacement=Host multiplier=1 vectorSize=4),33.497,33.547,0.37%,33.172,33.622,[GPU],[GB/s]
StreamMemory(api=sycl type=Write size=1MB useEvents=0 contents=Zeros memoryPlacement=Device multiplier=1 vectorSize=1),16.656,16.704,1.60%,14.663,16.952,[CPU],[GB/s]
StreamMemory(api=sycl type=Write size=1MB useEvents=0 contents=Zeros memoryPlacement=Device multiplier=1 vectorSize=2),16.617,16.666,2.27%,14.035,17.938,[CPU],[GB/s]
StreamMemory(api=sycl type=Write size=1MB useEvents=0 contents=Zeros memoryPlacement=Device multiplier=1 vectorSize=4),16.523,16.613,5.33%,7.930,16.933,[CPU],[GB/s]
StreamMemory(api=sycl type=Write size=1MB useEvents=0 contents=Zeros memoryPlacement=Host multiplier=1 vectorSize=1),16.631,16.646,1.81%,14.547,18.148,[CPU],[GB/s]
StreamMemory(api=sycl type=Write size=1MB useEvents=0 contents=Zeros memoryPlacement=Host multiplier=1 vectorSize=2),16.625,16.643,1.74%,14.592,17.974,[CPU],[GB/s]
StreamMemory(api=sycl type=Write size=1MB useEvents=0 contents=Zeros memoryPlacement=Host multiplier=1 vectorSize=4),16.402,16.620,3.59%,14.541,18.106,[CPU],[GB/s]
StreamMemory(api=sycl type=Write size=1MB useEvents=0 contents=Random memoryPlacement=Device multiplier=1 vectorSize=1),16.983,17.115,5.09%,9.170,17.567,[CPU],[GB/s]
StreamMemory(api=sycl type=Write size=1MB useEvents=0 contents=Random memoryPlacement=Device multiplier=1 vectorSize=2),17.029,17.181,5.60%,14.209,18.745,[CPU],[GB/s]
StreamMemory(api=sycl type=Write size=1MB useEvents=0 contents=Random memoryPlacement=Device multiplier=1 vectorSize=4),17.392,17.659,4.13%,14.751,18.444,[CPU],[GB/s]
StreamMemory(api=sycl type=Write size=1MB useEvents=0 contents=Random memoryPlacement=Host multiplier=1 vectorSize=1),17.774,17.926,4.19%,15.115,18.843,[CPU],[GB/s]
StreamMemory(api=sycl type=Write size=1MB useEvents=0 contents=Random memoryPlacement=Host multiplier=1 vectorSize=2),17.806,18.231,5.93%,13.113,18.844,[CPU],[GB/s]
StreamMemory(api=sycl type=Write size=1MB useEvents=0 contents=Random memoryPlacement=Host multiplier=1 vectorSize=4),17.936,18.266,4.38%,15.248,18.953,[CPU],[GB/s]
StreamMemory(api=sycl type=Write size=1MB useEvents=1 contents=Zeros memoryPlacement=Device multiplier=1 vectorSize=1),43.658,44.613,6.19%,38.047,47.336,[GPU],[GB/s]
StreamMemory(api=sycl type=Write size=1MB useEvents=1 contents=Zeros memoryPlacement=Device multiplier=1 vectorSize=2),44.199,45.213,6.26%,33.057,47.336,[GPU],[GB/s]
StreamMemory(api=sycl type=Write size=1MB useEvents=1 contents=Zeros memoryPlacement=Device multiplier=1 vectorSize=4),43.589,44.416,6.05%,38.191,46.895,[GPU],[GB/s]
StreamMemory(api=sycl type=Write size=1MB useEvents=1 contents=Zeros memoryPlacement=Host multiplier=1 vectorSize=1),43.838,45.112,6.78%,37.068,47.336,[GPU],[GB/s]
StreamMemory(api=sycl type=Write size=1MB useEvents=1 contents=Zeros memoryPlacement=Host multiplier=1 vectorSize=2),44.230,45.416,7.50%,28.482,47.784,[GPU],[GB/s]
StreamMemory(api=sycl type=Write size=1MB useEvents=1 contents=Zeros memoryPlacement=Host multiplier=1 vectorSize=4),43.778,45.011,6.58%,37.481,47.114,[GPU],[GB/s]
StreamMemory(api=sycl type=Write size=1MB useEvents=1 contents=Random memoryPlacement=Device multiplier=1 vectorSize=1),43.639,45.213,7.99%,25.206,47.114,[GPU],[GB/s]
StreamMemory(api=sycl type=Write size=1MB useEvents=1 contents=Random memoryPlacement=Device multiplier=1 vectorSize=2),44.107,45.011,5.58%,38.928,47.114,[GPU],[GB/s]
StreamMemory(api=sycl type=Write size=1MB useEvents=1 contents=Random memoryPlacement=Device multiplier=1 vectorSize=4),43.879,45.112,6.31%,38.483,47.784,[GPU],[GB/s]
StreamMemory(api=sycl type=Write size=1MB useEvents=1 contents=Random memoryPlacement=Host multiplier=1 vectorSize=1),43.896,45.011,6.81%,32.524,47.336,[GPU],[GB/s]
StreamMemory(api=sycl type=Write size=1MB useEvents=1 contents=Random memoryPlacement=Host multiplier=1 vectorSize=2),44.101,45.416,7.66%,24.773,48.241,[GPU],[GB/s]
StreamMemory(api=sycl type=Write size=1MB useEvents=1 contents=Random memoryPlacement=Host multiplier=1 vectorSize=4),44.009,45.622,8.06%,25.269,47.784,[GPU],[GB/s]
StreamMemory(api=sycl type=Write size=8MB useEvents=0 contents=Zeros memoryPlacement=Device multiplier=1 vectorSize=1),46.349,46.410,2.34%,38.007,48.167,[CPU],[GB/s]
StreamMemory(api=sycl type=Write size=8MB useEvents=0 contents=Zeros memoryPlacement=Device multiplier=1 vectorSize=2),45.973,46.084,2.76%,36.625,47.973,[CPU],[GB/s]
StreamMemory(api=sycl type=Write size=8MB useEvents=0 contents=Zeros memoryPlacement=Device multiplier=1 vectorSize=4),46.271,46.428,2.46%,38.203,48.594,[CPU],[GB/s]
StreamMemory(api=sycl type=Write size=8MB useEvents=0 contents=Zeros memoryPlacement=Host multiplier=1 vectorSize=1),46.356,46.413,2.03%,39.347,48.405,[CPU],[GB/s]
StreamMemory(api=sycl type=Write size=8MB useEvents=0 contents=Zeros memoryPlacement=Host multiplier=1 vectorSize=2),46.400,46.559,2.26%,38.893,48.207,[CPU],[GB/s]
StreamMemory(api=sycl type=Write size=8MB useEvents=0 contents=Zeros memoryPlacement=Host multiplier=1 vectorSize=4),46.302,46.475,2.87%,37.884,49.517,[CPU],[GB/s]
StreamMemory(api=sycl type=Write size=8MB useEvents=0 contents=Random memoryPlacement=Device multiplier=1 vectorSize=1),46.639,46.710,2.46%,37.926,48.472,[CPU],[GB/s]
StreamMemory(api=sycl type=Write size=8MB useEvents=0 contents=Random memoryPlacement=Device multiplier=1 vectorSize=2),46.414,46.573,2.30%,38.037,48.205,[CPU],[GB/s]
StreamMemory(api=sycl type=Write size=8MB useEvents=0 contents=Random memoryPlacement=Device multiplier=1 vectorSize=4),46.351,46.590,2.89%,38.782,48.710,[CPU],[GB/s]
StreamMemory(api=sycl type=Write size=8MB useEvents=0 contents=Random memoryPlacement=Host multiplier=1 vectorSize=1),46.115,46.318,3.39%,37.384,48.175,[CPU],[GB/s]
StreamMemory(api=sycl type=Write size=8MB useEvents=0 contents=Random memoryPlacement=Host multiplier=1 vectorSize=2),46.201,46.291,2.53%,37.121,48.322,[CPU],[GB/s]
StreamMemory(api=sycl type=Write size=8MB useEvents=0 contents=Random memoryPlacement=Host multiplier=1 vectorSize=4),46.061,46.195,2.72%,37.651,49.287,[CPU],[GB/s]
StreamMemory(api=sycl type=Write size=8MB useEvents=1 contents=Zeros memoryPlacement=Device multiplier=1 vectorSize=1),58.072,58.049,2.27%,51.606,61.525,[GPU],[GB/s]
StreamMemory(api=sycl type=Write size=8MB useEvents=1 contents=Zeros memoryPlacement=Device multiplier=1 vectorSize=2),57.883,58.008,2.28%,52.479,60.875,[GPU],[GB/s]
StreamMemory(api=sycl type=Write size=8MB useEvents=1 contents=Zeros memoryPlacement=Device multiplier=1 vectorSize=4),57.486,57.696,2.58%,51.771,59.970,[GPU],[GB/s]
StreamMemory(api=sycl type=Write size=8MB useEvents=1 contents=Zeros memoryPlacement=Host multiplier=1 vectorSize=1),57.485,57.800,3.03%,50.349,59.881,[GPU],[GB/s]
StreamMemory(api=sycl type=Write size=8MB useEvents=1 contents=Zeros memoryPlacement=Host multiplier=1 vectorSize=2),57.905,57.862,2.22%,52.616,60.465,[GPU],[GB/s]
StreamMemory(api=sycl type=Write size=8MB useEvents=1 contents=Zeros memoryPlacement=Host multiplier=1 vectorSize=4),57.933,57.883,2.35%,51.738,61.856,[GPU],[GB/s]
StreamMemory(api=sycl type=Write size=8MB useEvents=1 contents=Random memoryPlacement=Device multiplier=1 vectorSize=1),57.713,58.049,2.92%,51.310,61.199,[GPU],[GB/s]
StreamMemory(api=sycl type=Write size=8MB useEvents=1 contents=Random memoryPlacement=Device multiplier=1 vectorSize=2),58.131,58.112,2.06%,52.822,61.572,[GPU],[GB/s]
StreamMemory(api=sycl type=Write size=8MB useEvents=1 contents=Random memoryPlacement=Device multiplier=1 vectorSize=4),57.476,57.779,3.44%,47.869,60.284,[GPU],[GB/s]
StreamMemory(api=sycl type=Write size=8MB useEvents=1 contents=Random memoryPlacement=Host multiplier=1 vectorSize=1),57.863,57.987,2.41%,51.540,61.572,[GPU],[GB/s]
StreamMemory(api=sycl type=Write size=8MB useEvents=1 contents=Random memoryPlacement=Host multiplier=1 vectorSize=2),57.776,58.070,2.80%,50.793,60.419,[GPU],[GB/s]
StreamMemory(api=sycl type=Write size=8MB useEvents=1 contents=Random memoryPlacement=Host multiplier=1 vectorSize=4),57.345,57.573,2.91%,50.986,60.921,[GPU],[GB/s]
StreamMemory(api=sycl type=Write size=32MB useEvents=0 contents=Zeros memoryPlacement=Device multiplier=1 vectorSize=1),36.634,36.793,1.82%,33.802,37.651,[CPU],[GB/s]
StreamMemory(api=sycl type=Write size=32MB useEvents=0 contents=Zeros memoryPlacement=Device multiplier=1 vectorSize=2),36.669,36.747,1.67%,34.733,38.071,[CPU],[GB/s]
StreamMemory(api=sycl type=Write size=32MB useEvents=0 contents=Zeros memoryPlacement=Device multiplier=1 vectorSize=4),36.748,36.932,1.74%,34.146,37.800,[CPU],[GB/s]
StreamMemory(api=sycl type=Write size=32MB useEvents=0 contents=Zeros memoryPlacement=Host multiplier=1 vectorSize=1),36.781,36.904,1.52%,35.071,37.770,[CPU],[GB/s]
StreamMemory(api=sycl type=Write size=32MB useEvents=0 contents=Zeros memoryPlacement=Host multiplier=1 vectorSize=2),36.730,36.839,1.34%,35.206,37.617,[CPU],[GB/s]
StreamMemory(api=sycl type=Write size=32MB useEvents=0 contents=Zeros memoryPlacement=Host multiplier=1 vectorSize=4),36.700,36.774,1.46%,34.594,37.705,[CPU],[GB/s]
StreamMemory(api=sycl type=Write size=32MB useEvents=0 contents=Random memoryPlacement=Device multiplier=1 vectorSize=1),36.704,36.868,1.52%,34.556,37.483,[CPU],[GB/s]
StreamMemory(api=sycl type=Write size=32MB useEvents=0 contents=Random memoryPlacement=Device multiplier=1 vectorSize=2),36.704,36.835,1.83%,33.125,37.859,[CPU],[GB/s]
StreamMemory(api=sycl type=Write size=32MB useEvents=0 contents=Random memoryPlacement=Device multiplier=1 vectorSize=4),36.778,36.824,1.22%,35.347,37.612,[CPU],[GB/s]
StreamMemory(api=sycl type=Write size=32MB useEvents=0 contents=Random memoryPlacement=Host multiplier=1 vectorSize=1),36.740,36.871,1.54%,34.644,37.641,[CPU],[GB/s]
StreamMemory(api=sycl type=Write size=32MB useEvents=0 contents=Random memoryPlacement=Host multiplier=1 vectorSize=2),36.697,36.837,1.67%,34.524,37.630,[CPU],[GB/s]
StreamMemory(api=sycl type=Write size=32MB useEvents=0 contents=Random memoryPlacement=Host multiplier=1 vectorSize=4),36.737,36.900,1.73%,33.933,37.526,[CPU],[GB/s]
StreamMemory(api=sycl type=Write size=32MB useEvents=1 contents=Zeros memoryPlacement=Device multiplier=1 vectorSize=1),38.611,38.732,1.44%,36.415,39.709,[GPU],[GB/s]
StreamMemory(api=sycl type=Write size=32MB useEvents=1 contents=Zeros memoryPlacement=Device multiplier=1 vectorSize=2),38.503,38.651,1.35%,36.162,39.665,[GPU],[GB/s]
StreamMemory(api=sycl type=Write size=32MB useEvents=1 contents=Zeros memoryPlacement=Device multiplier=1 vectorSize=4),38.548,38.663,1.60%,36.839,39.685,[GPU],[GB/s]
StreamMemory(api=sycl type=Write size=32MB useEvents=1 contents=Zeros memoryPlacement=Host multiplier=1 vectorSize=1),38.487,38.700,1.71%,36.292,39.636,[GPU],[GB/s]
StreamMemory(api=sycl type=Write size=32MB useEvents=1 contents=Zeros memoryPlacement=Host multiplier=1 vectorSize=2),38.492,38.582,1.36%,36.802,39.866,[GPU],[GB/s]
StreamMemory(api=sycl type=Write size=32MB useEvents=1 contents=Zeros memoryPlacement=Host multiplier=1 vectorSize=4),38.437,38.563,1.44%,36.473,39.607,[GPU],[GB/s]
StreamMemory(api=sycl type=Write size=32MB useEvents=1 contents=Random memoryPlacement=Device multiplier=1 vectorSize=1),38.275,38.352,1.99%,35.670,39.901,[GPU],[GB/s]
StreamMemory(api=sycl type=Write size=32MB useEvents=1 contents=Random memoryPlacement=Device multiplier=1 vectorSize=2),38.546,38.598,1.44%,36.718,39.597,[GPU],[GB/s]
StreamMemory(api=sycl type=Write size=32MB useEvents=1 contents=Random memoryPlacement=Device multiplier=1 vectorSize=4),38.621,38.776,1.49%,36.743,39.837,[GPU],[GB/s]
StreamMemory(api=sycl type=Write size=32MB useEvents=1 contents=Random memoryPlacement=Host multiplier=1 vectorSize=1),38.504,38.616,1.63%,36.568,40.035,[GPU],[GB/s]
StreamMemory(api=sycl type=Write size=32MB useEvents=1 contents=Random memoryPlacement=Host multiplier=1 vectorSize=2),38.565,38.658,1.49%,36.382,39.734,[GPU],[GB/s]
StreamMemory(api=sycl type=Write size=32MB useEvents=1 contents=Random memoryPlacement=Host multiplier=1 vectorSize=4),38.515,38.635,1.52%,36.593,40.094,[GPU],[GB/s]
StreamMemory(api=sycl type=Write size=128MB useEvents=0 contents=Zeros memoryPlacement=Device multiplier=1 vectorSize=1),38.645,38.735,1.31%,34.690,39.146,[CPU],[GB/s]
StreamMemory(api=sycl type=Write size=128MB useEvents=0 contents=Zeros memoryPlacement=Device multiplier=1 vectorSize=2),37.981,38.258,1.93%,36.229,39.000,[CPU],[GB/s]
StreamMemory(api=sycl type=Write size=128MB useEvents=0 contents=Zeros memoryPlacement=Device multiplier=1 vectorSize=4),38.474,38.550,1.02%,37.261,39.110,[CPU],[GB/s]
StreamMemory(api=sycl type=Write size=128MB useEvents=0 contents=Zeros memoryPlacement=Host multiplier=1 vectorSize=1),38.523,38.597,0.94%,37.497,39.028,[CPU],[GB/s]
StreamMemory(api=sycl type=Write size=128MB useEvents=0 contents=Zeros memoryPlacement=Host multiplier=1 vectorSize=2),38.585,38.630,0.66%,37.807,39.085,[CPU],[GB/s]
StreamMemory(api=sycl type=Write size=128MB useEvents=0 contents=Zeros memoryPlacement=Host multiplier=1 vectorSize=4),38.657,38.694,0.62%,37.887,39.055,[CPU],[GB/s]
StreamMemory(api=sycl type=Write size=128MB useEvents=0 contents=Random memoryPlacement=Device multiplier=1 vectorSize=1),38.643,38.707,0.67%,37.968,39.114,[CPU],[GB/s]
StreamMemory(api=sycl type=Write size=128MB useEvents=0 contents=Random memoryPlacement=Device multiplier=1 vectorSize=2),38.609,38.732,0.96%,37.223,39.106,[CPU],[GB/s]
StreamMemory(api=sycl type=Write size=128MB useEvents=0 contents=Random memoryPlacement=Device multiplier=1 vectorSize=4),38.277,38.317,1.18%,36.546,39.055,[CPU],[GB/s]
StreamMemory(api=sycl type=Write size=128MB useEvents=0 contents=Random memoryPlacement=Host multiplier=1 vectorSize=1),38.300,38.291,1.11%,37.479,39.097,[CPU],[GB/s]
StreamMemory(api=sycl type=Write size=128MB useEvents=0 contents=Random memoryPlacement=Host multiplier=1 vectorSize=2),38.614,38.643,0.60%,37.800,38.998,[CPU],[GB/s]
StreamMemory(api=sycl type=Write size=128MB useEvents=0 contents=Random memoryPlacement=Host multiplier=1 vectorSize=4),38.186,38.130,1.14%,37.344,39.016,[CPU],[GB/s]
StreamMemory(api=sycl type=Write size=128MB useEvents=1 contents=Zeros memoryPlacement=Device multiplier=1 vectorSize=1),38.961,39.015,0.95%,38.074,39.554,[GPU],[GB/s]
StreamMemory(api=sycl type=Write size=128MB useEvents=1 contents=Zeros memoryPlacement=Device multiplier=1 vectorSize=2),38.881,38.937,1.07%,37.911,39.620,[GPU],[GB/s]
StreamMemory(api=sycl type=Write size=128MB useEvents=1 contents=Zeros memoryPlacement=Device multiplier=1 vectorSize=4),38.937,39.037,1.02%,37.400,39.451,[GPU],[GB/s]
StreamMemory(api=sycl type=Write size=128MB useEvents=1 contents=Zeros memoryPlacement=Host multiplier=1 vectorSize=1),38.635,38.619,1.38%,37.251,39.675,[GPU],[GB/s]
StreamMemory(api=sycl type=Write size=128MB useEvents=1 contents=Zeros memoryPlacement=Host multiplier=1 vectorSize=2),38.715,38.694,1.03%,37.697,39.852,[GPU],[GB/s]
StreamMemory(api=sycl type=Write size=128MB useEvents=1 contents=Zeros memoryPlacement=Host multiplier=1 vectorSize=4),38.716,38.676,1.22%,37.268,39.612,[GPU],[GB/s]
StreamMemory(api=sycl type=Write size=128MB useEvents=1 contents=Random memoryPlacement=Device multiplier=1 vectorSize=1),38.863,38.813,1.12%,37.832,39.605,[GPU],[GB/s]
StreamMemory(api=sycl type=Write size=128MB useEvents=1 contents=Random memoryPlacement=Device multiplier=1 vectorSize=2),38.563,38.534,0.93%,37.673,39.477,[GPU],[GB/s]
StreamMemory(api=sycl type=Write size=128MB useEvents=1 contents=Random memoryPlacement=Device multiplier=1 vectorSize=4),38.509,38.500,0.99%,37.348,39.511,[GPU],[GB/s]
StreamMemory(api=sycl type=Write size=128MB useEvents=1 contents=Random memoryPlacement=Host multiplier=1 vectorSize=1),38.463,38.491,0.53%,37.935,38.859,[GPU],[GB/s]
StreamMemory(api=sycl type=Write size=128MB useEvents=1 contents=Random memoryPlacement=Host multiplier=1 vectorSize=2),38.494,38.546,0.68%,37.654,38.968,[GPU],[GB/s]
StreamMemory(api=sycl type=Write size=128MB useEvents=1 contents=Random memoryPlacement=Host multiplier=1 vectorSize=4),38.456,38.518,0.73%,37.501,39.016,[GPU],[GB/s]
StreamMemory(api=sycl type=Write size=512MB useEvents=0 contents=Zeros memoryPlacement=Device multiplier=1 vectorSize=1),38.654,38.676,0.73%,37.526,39.568,[CPU],[GB/s]
StreamMemory(api=sycl type=Write size=512MB useEvents=0 contents=Zeros memoryPlacement=Device multiplier=1 vectorSize=2),38.655,38.656,0.80%,37.678,39.498,[CPU],[GB/s]
StreamMemory(api=sycl type=Write size=512MB useEvents=0 contents=Zeros memoryPlacement=Device multiplier=1 vectorSize=4),38.690,38.637,0.69%,38.241,39.467,[CPU],[GB/s]
StreamMemory(api=sycl type=Write size=512MB useEvents=0 contents=Zeros memoryPlacement=Host multiplier=1 vectorSize=1),38.458,38.594,0.96%,37.527,38.851,[CPU],[GB/s]
StreamMemory(api=sycl type=Write size=512MB useEvents=0 contents=Zeros memoryPlacement=Host multiplier=1 vectorSize=2),38.054,38.068,1.23%,37.066,38.918,[CPU],[GB/s]
StreamMemory(api=sycl type=Write size=512MB useEvents=0 contents=Zeros memoryPlacement=Host multiplier=1 vectorSize=4),37.721,37.560,1.07%,37.052,38.698,[CPU],[GB/s]
StreamMemory(api=sycl type=Write size=512MB useEvents=0 contents=Random memoryPlacement=Device multiplier=1 vectorSize=1),37.527,37.451,1.11%,36.997,39.035,[CPU],[GB/s]
StreamMemory(api=sycl type=Write size=512MB useEvents=0 contents=Random memoryPlacement=Device multiplier=1 vectorSize=2),37.450,37.440,0.91%,36.769,38.779,[CPU],[GB/s]
StreamMemory(api=sycl type=Write size=512MB useEvents=0 contents=Random memoryPlacement=Device multiplier=1 vectorSize=4),37.728,37.671,0.84%,36.948,38.754,[CPU],[GB/s]
StreamMemory(api=sycl type=Write size=512MB useEvents=0 contents=Random memoryPlacement=Host multiplier=1 vectorSize=1),37.671,37.617,0.72%,37.199,38.779,[CPU],[GB/s]
StreamMemory(api=sycl type=Write size=512MB useEvents=0 contents=Random memoryPlacement=Host multiplier=1 vectorSize=2),37.600,37.590,0.57%,37.034,38.262,[CPU],[GB/s]
StreamMemory(api=sycl type=Write size=512MB useEvents=0 contents=Random memoryPlacement=Host multiplier=1 vectorSize=4),37.435,37.415,0.52%,36.906,37.852,[CPU],[GB/s]
StreamMemory(api=sycl type=Write size=512MB useEvents=1 contents=Zeros memoryPlacement=Device multiplier=1 vectorSize=1),37.514,37.511,0.48%,37.047,37.914,[GPU],[GB/s]
StreamMemory(api=sycl type=Write size=512MB useEvents=1 contents=Zeros memoryPlacement=Device multiplier=1 vectorSize=2),37.413,37.419,0.35%,36.953,37.760,[GPU],[GB/s]
StreamMemory(api=sycl type=Write size=512MB useEvents=1 contents=Zeros memoryPlacement=Device multiplier=1 vectorSize=4),37.471,37.469,0.39%,37.169,37.960,[GPU],[GB/s]
StreamMemory(api=sycl type=Write size=512MB useEvents=1 contents=Zeros memoryPlacement=Host multiplier=1 vectorSize=1),37.401,37.443,0.38%,36.788,37.643,[GPU],[GB/s]
StreamMemory(api=sycl type=Write size=512MB useEvents=1 contents=Zeros memoryPlacement=Host multiplier=1 vectorSize=2),37.373,37.391,0.32%,36.982,37.629,[GPU],[GB/s]
StreamMemory(api=sycl type=Write size=512MB useEvents=1 contents=Zeros memoryPlacement=Host multiplier=1 vectorSize=4),37.430,37.436,0.32%,37.075,37.721,[GPU],[GB/s]
StreamMemory(api=sycl type=Write size=512MB useEvents=1 contents=Random memoryPlacement=Device multiplier=1 vectorSize=1),37.402,37.411,0.32%,37.046,37.637,[GPU],[GB/s]
StreamMemory(api=sycl type=Write size=512MB useEvents=1 contents=Random memoryPlacement=Device multiplier=1 vectorSize=2),37.395,37.399,0.36%,36.932,37.673,[GPU],[GB/s]
StreamMemory(api=sycl type=Write size=512MB useEvents=1 contents=Random memoryPlacement=Device multiplier=1 vectorSize=4),37.445,37.478,0.33%,37.065,37.655,[GPU],[GB/s]
StreamMemory(api=sycl type=Write size=512MB useEvents=1 contents=Random memoryPlacement=Host multiplier=1 vectorSize=1),37.383,37.385,0.35%,36.892,37.658,[GPU],[GB/s]
StreamMemory(api=sycl type=Write size=512MB useEvents=1 contents=Random memoryPlacement=Host multiplier=1 vectorSize=2),37.387,37.404,0.38%,36.842,37.658,[GPU],[GB/s]
StreamMemory(api=sycl type=Write size=512MB useEvents=1 contents=Random memoryPlacement=Host multiplier=1 vectorSize=4),37.419,37.445,0.38%,36.746,37.717,[GPU],[GB/s]
StreamMemory(api=sycl type=Write size=1GB useEvents=0 contents=Zeros memoryPlacement=Device multiplier=1 vectorSize=1),34.356,37.235,24.24%,6.593,37.518,[CPU],[GB/s]
StreamMemory(api=sycl type=Write size=1GB useEvents=0 contents=Zeros memoryPlacement=Device multiplier=1 vectorSize=2),37.244,37.267,0.51%,36.145,37.533,[CPU],[GB/s]
StreamMemory(api=sycl type=Write size=1GB useEvents=0 contents=Zeros memoryPlacement=Device multiplier=1 vectorSize=4),37.371,37.374,0.28%,37.071,37.570,[CPU],[GB/s]
StreamMemory(api=sycl type=Write size=1GB useEvents=0 contents=Zeros memoryPlacement=Host multiplier=1 vectorSize=1),37.325,37.367,0.56%,35.776,37.533,[CPU],[GB/s]
StreamMemory(api=sycl type=Write size=1GB useEvents=0 contents=Zeros memoryPlacement=Host multiplier=1 vectorSize=2),37.390,37.407,0.29%,36.797,37.566,[CPU],[GB/s]
StreamMemory(api=sycl type=Write size=1GB useEvents=0 contents=Zeros memoryPlacement=Host multiplier=1 vectorSize=4),37.362,37.377,0.25%,37.055,37.524,[CPU],[GB/s]
StreamMemory(api=sycl type=Write size=1GB useEvents=0 contents=Random memoryPlacement=Device multiplier=1 vectorSize=1),37.371,37.382,0.26%,36.885,37.572,[CPU],[GB/s]
StreamMemory(api=sycl type=Write size=1GB useEvents=0 contents=Random memoryPlacement=Device multiplier=1 vectorSize=2),37.379,37.383,0.22%,37.074,37.566,[CPU],[GB/s]
StreamMemory(api=sycl type=Write size=1GB useEvents=0 contents=Random memoryPlacement=Device multiplier=1 vectorSize=4),37.375,37.382,0.23%,37.139,37.519,[CPU],[GB/s]
StreamMemory(api=sycl type=Write size=1GB useEvents=0 contents=Random memoryPlacement=Host multiplier=1 vectorSize=1),37.332,37.344,0.32%,36.905,37.539,[CPU],[GB/s]
StreamMemory(api=sycl type=Write size=1GB useEvents=0 contents=Random memoryPlacement=Host multiplier=1 vectorSize=2),37.063,37.098,0.66%,35.298,37.432,[CPU],[GB/s]
StreamMemory(api=sycl type=Write size=1GB useEvents=0 contents=Random memoryPlacement=Host multiplier=1 vectorSize=4),37.168,37.203,0.46%,36.691,37.552,[CPU],[GB/s]
StreamMemory(api=sycl type=Write size=1GB useEvents=1 contents=Zeros memoryPlacement=Device multiplier=1 vectorSize=1),37.490,37.504,0.25%,37.094,37.684,[GPU],[GB/s]
StreamMemory(api=sycl type=Write size=1GB useEvents=1 contents=Zeros memoryPlacement=Device multiplier=1 vectorSize=2),34.512,37.481,24.42%,6.627,37.660,[GPU],[GB/s]
StreamMemory(api=sycl type=Write size=1GB useEvents=1 contents=Zeros memoryPlacement=Device multiplier=1 vectorSize=4),37.471,37.485,0.27%,37.156,37.642,[GPU],[GB/s]
StreamMemory(api=sycl type=Write size=1GB useEvents=1 contents=Zeros memoryPlacement=Host multiplier=1 vectorSize=1),37.468,37.481,0.27%,37.081,37.630,[GPU],[GB/s]
StreamMemory(api=sycl type=Write size=1GB useEvents=1 contents=Zeros memoryPlacement=Host multiplier=1 vectorSize=2),37.483,37.499,0.23%,37.206,37.628,[GPU],[GB/s]
StreamMemory(api=sycl type=Write size=1GB useEvents=1 contents=Zeros memoryPlacement=Host multiplier=1 vectorSize=4),37.481,37.488,0.26%,37.170,37.676,[GPU],[GB/s]
StreamMemory(api=sycl type=Write size=1GB useEvents=1 contents=Random memoryPlacement=Device multiplier=1 vectorSize=1),37.457,37.466,0.24%,37.234,37.670,[GPU],[GB/s]
StreamMemory(api=sycl type=Write size=1GB useEvents=1 contents=Random memoryPlacement=Device multiplier=1 vectorSize=2),37.432,37.453,0.33%,36.897,37.614,[GPU],[GB/s]
StreamMemory(api=sycl type=Write size=1GB useEvents=1 contents=Random memoryPlacement=Device multiplier=1 vectorSize=4),37.266,37.286,0.42%,36.816,37.557,[GPU],[GB/s]
StreamMemory(api=sycl type=Write size=1GB useEvents=1 contents=Random memoryPlacement=Host multiplier=1 vectorSize=1),37.482,37.488,0.22%,37.225,37.649,[GPU],[GB/s]
StreamMemory(api=sycl type=Write size=1GB useEvents=1 contents=Random memoryPlacement=Host multiplier=1 vectorSize=2),37.463,37.475,0.25%,37.178,37.612,[GPU],[GB/s]
StreamMemory(api=sycl type=Write size=1GB useEvents=1 contents=Random memoryPlacement=Host multiplier=1 vectorSize=4),37.464,37.475,0.23%,37.214,37.654,[GPU],[GB/s]
StreamMemory(api=sycl type=Scale size=1MB useEvents=0 contents=Zeros memoryPlacement=Device multiplier=1 vectorSize=1),26.873,27.076,3.49%,20.644,28.072,[CPU],[GB/s]
StreamMemory(api=sycl type=Scale size=1MB useEvents=0 contents=Zeros memoryPlacement=Device multiplier=1 vectorSize=2),26.987,27.232,3.78%,20.310,28.270,[CPU],[GB/s]
StreamMemory(api=sycl type=Scale size=1MB useEvents=0 contents=Zeros memoryPlacement=Device multiplier=1 vectorSize=4),27.277,27.431,3.48%,20.006,28.702,[CPU],[GB/s]
StreamMemory(api=sycl type=Scale size=1MB useEvents=0 contents=Zeros memoryPlacement=Host multiplier=1 vectorSize=1),27.220,27.390,4.44%,17.308,29.029,[CPU],[GB/s]
StreamMemory(api=sycl type=Scale size=1MB useEvents=0 contents=Zeros memoryPlacement=Host multiplier=1 vectorSize=2),28.987,28.967,1.81%,26.242,30.137,[CPU],[GB/s]
StreamMemory(api=sycl type=Scale size=1MB useEvents=0 contents=Zeros memoryPlacement=Host multiplier=1 vectorSize=4),29.035,29.194,2.46%,25.371,30.230,[CPU],[GB/s]
StreamMemory(api=sycl type=Scale size=1MB useEvents=0 contents=Random memoryPlacement=Device multiplier=1 vectorSize=1),29.051,29.176,2.16%,26.368,29.984,[CPU],[GB/s]
StreamMemory(api=sycl type=Scale size=1MB useEvents=0 contents=Random memoryPlacement=Device multiplier=1 vectorSize=2),28.891,29.181,3.75%,23.630,30.197,[CPU],[GB/s]
StreamMemory(api=sycl type=Scale size=1MB useEvents=0 contents=Random memoryPlacement=Device multiplier=1 vectorSize=4),29.223,29.352,2.65%,23.851,30.093,[CPU],[GB/s]
StreamMemory(api=sycl type=Scale size=1MB useEvents=0 contents=Random memoryPlacement=Host multiplier=1 vectorSize=1),29.178,29.274,2.08%,25.435,29.962,[CPU],[GB/s]
StreamMemory(api=sycl type=Scale size=1MB useEvents=0 contents=Random memoryPlacement=Host multiplier=1 vectorSize=2),29.178,29.338,2.19%,25.767,30.172,[CPU],[GB/s]
StreamMemory(api=sycl type=Scale size=1MB useEvents=0 contents=Random memoryPlacement=Host multiplier=1 vectorSize=4),28.217,28.296,1.66%,25.741,29.000,[CPU],[GB/s]
StreamMemory(api=sycl type=Scale size=1MB useEvents=1 contents=Zeros memoryPlacement=Device multiplier=1 vectorSize=1),57.144,57.287,3.46%,49.667,62.046,[GPU],[GB/s]
StreamMemory(api=sycl type=Scale size=1MB useEvents=1 contents=Zeros memoryPlacement=Device multiplier=1 vectorSize=2),57.983,57.945,2.26%,53.917,61.478,[GPU],[GB/s]
StreamMemory(api=sycl type=Scale size=1MB useEvents=1 contents=Zeros memoryPlacement=Device multiplier=1 vectorSize=4),58.048,58.112,2.37%,53.206,60.738,[GPU],[GB/s]
StreamMemory(api=sycl type=Scale size=1MB useEvents=1 contents=Zeros memoryPlacement=Host multiplier=1 vectorSize=1),57.976,57.945,2.11%,55.095,61.106,[GPU],[GB/s]
StreamMemory(api=sycl type=Scale size=1MB useEvents=1 contents=Zeros memoryPlacement=Host multiplier=1 vectorSize=2),58.005,57.779,2.51%,51.971,62.046,[GPU],[GB/s]
StreamMemory(api=sycl type=Scale size=1MB useEvents=1 contents=Zeros memoryPlacement=Host multiplier=1 vectorSize=4),56.270,57.124,5.39%,41.492,60.194,[GPU],[GB/s]
StreamMemory(api=sycl type=Scale size=1MB useEvents=1 contents=Random memoryPlacement=Device multiplier=1 vectorSize=1),57.679,58.280,5.64%,38.779,61.292,[GPU],[GB/s]
StreamMemory(api=sycl type=Scale size=1MB useEvents=1 contents=Random memoryPlacement=Device multiplier=1 vectorSize=2),57.494,58.112,4.95%,42.996,60.921,[GPU],[GB/s]
StreamMemory(api=sycl type=Scale size=1MB useEvents=1 contents=Random memoryPlacement=Device multiplier=1 vectorSize=4),55.857,57.125,5.89%,43.180,60.194,[GPU],[GB/s]
StreamMemory(api=sycl type=Scale size=1MB useEvents=1 contents=Random memoryPlacement=Host multiplier=1 vectorSize=1),55.656,56.883,5.88%,41.069,60.374,[GPU],[GB/s]
StreamMemory(api=sycl type=Scale size=1MB useEvents=1 contents=Random memoryPlacement=Host multiplier=1 vectorSize=2),56.105,57.124,5.29%,47.671,60.555,[GPU],[GB/s]
StreamMemory(api=sycl type=Scale size=1MB useEvents=1 contents=Random memoryPlacement=Host multiplier=1 vectorSize=4),56.126,57.124,5.00%,48.357,60.374,[GPU],[GB/s]
StreamMemory(api=sycl type=Scale size=8MB useEvents=0 contents=Zeros memoryPlacement=Device multiplier=1 vectorSize=1),41.701,41.973,2.52%,35.458,42.846,[CPU],[GB/s]
StreamMemory(api=sycl type=Scale size=8MB useEvents=0 contents=Zeros memoryPlacement=Device multiplier=1 vectorSize=2),41.896,42.240,2.98%,34.263,43.295,[CPU],[GB/s]
StreamMemory(api=sycl type=Scale size=8MB useEvents=0 contents=Zeros memoryPlacement=Device multiplier=1 vectorSize=4),41.378,41.679,3.06%,36.350,43.052,[CPU],[GB/s]
StreamMemory(api=sycl type=Scale size=8MB useEvents=0 contents=Zeros memoryPlacement=Host multiplier=1 vectorSize=1),41.314,41.627,2.80%,36.785,42.538,[CPU],[GB/s]
StreamMemory(api=sycl type=Scale size=8MB useEvents=0 contents=Zeros memoryPlacement=Host multiplier=1 vectorSize=2),41.496,41.832,3.10%,35.176,42.950,[CPU],[GB/s]
StreamMemory(api=sycl type=Scale size=8MB useEvents=0 contents=Zeros memoryPlacement=Host multiplier=1 vectorSize=4),41.319,41.544,2.22%,36.601,42.581,[CPU],[GB/s]
StreamMemory(api=sycl type=Scale size=8MB useEvents=0 contents=Random memoryPlacement=Device multiplier=1 vectorSize=1),41.299,41.528,2.79%,33.867,42.669,[CPU],[GB/s]
StreamMemory(api=sycl type=Scale size=8MB useEvents=0 contents=Random memoryPlacement=Device multiplier=1 vectorSize=2),41.301,41.649,2.91%,36.662,42.653,[CPU],[GB/s]
StreamMemory(api=sycl type=Scale size=8MB useEvents=0 contents=Random memoryPlacement=Device multiplier=1 vectorSize=4),41.492,41.692,2.25%,36.617,43.073,[CPU],[GB/s]
StreamMemory(api=sycl type=Scale size=8MB useEvents=0 contents=Random memoryPlacement=Host multiplier=1 vectorSize=1),41.662,42.014,2.44%,36.409,42.882,[CPU],[GB/s]
StreamMemory(api=sycl type=Scale size=8MB useEvents=0 contents=Random memoryPlacement=Host multiplier=1 vectorSize=2),41.699,41.932,2.43%,36.778,43.110,[CPU],[GB/s]
StreamMemory(api=sycl type=Scale size=8MB useEvents=0 contents=Random memoryPlacement=Host multiplier=1 vectorSize=4),41.784,42.046,2.27%,36.847,43.320,[CPU],[GB/s]
StreamMemory(api=sycl type=Scale size=8MB useEvents=1 contents=Zeros memoryPlacement=Device multiplier=1 vectorSize=1),46.735,47.025,2.53%,42.175,48.678,[GPU],[GB/s]
StreamMemory(api=sycl type=Scale size=8MB useEvents=1 contents=Zeros memoryPlacement=Device multiplier=1 vectorSize=2),46.479,46.611,1.91%,43.110,48.040,[GPU],[GB/s]
StreamMemory(api=sycl type=Scale size=8MB useEvents=1 contents=Zeros memoryPlacement=Device multiplier=1 vectorSize=4),47.319,47.721,2.49%,42.164,48.649,[GPU],[GB/s]
StreamMemory(api=sycl type=Scale size=8MB useEvents=1 contents=Zeros memoryPlacement=Host multiplier=1 vectorSize=1),46.929,47.266,2.12%,43.635,48.386,[GPU],[GB/s]
StreamMemory(api=sycl type=Scale size=8MB useEvents=1 contents=Zeros memoryPlacement=Host multiplier=1 vectorSize=2),46.778,47.004,2.37%,40.882,48.169,[GPU],[GB/s]
StreamMemory(api=sycl type=Scale size=8MB useEvents=1 contents=Zeros memoryPlacement=Host multiplier=1 vectorSize=4),46.701,46.854,1.70%,43.730,48.012,[GPU],[GB/s]
StreamMemory(api=sycl type=Scale size=8MB useEvents=1 contents=Random memoryPlacement=Device multiplier=1 vectorSize=1),46.920,46.936,1.97%,43.968,48.386,[GPU],[GB/s]
StreamMemory(api=sycl type=Scale size=8MB useEvents=1 contents=Random memoryPlacement=Device multiplier=1 vectorSize=2),46.953,47.032,1.94%,43.030,48.141,[GPU],[GB/s]
StreamMemory(api=sycl type=Scale size=8MB useEvents=1 contents=Random memoryPlacement=Device multiplier=1 vectorSize=4),47.172,47.238,1.40%,44.221,48.517,[GPU],[GB/s]
StreamMemory(api=sycl type=Scale size=8MB useEvents=1 contents=Random memoryPlacement=Host multiplier=1 vectorSize=1),46.447,46.490,1.43%,43.813,47.955,[GPU],[GB/s]
StreamMemory(api=sycl type=Scale size=8MB useEvents=1 contents=Random memoryPlacement=Host multiplier=1 vectorSize=2),46.586,46.651,2.11%,39.013,47.926,[GPU],[GB/s]
StreamMemory(api=sycl type=Scale size=8MB useEvents=1 contents=Random memoryPlacement=Host multiplier=1 vectorSize=4),46.511,46.590,1.93%,41.248,48.141,[GPU],[GB/s]
StreamMemory(api=sycl type=Scale size=32MB useEvents=0 contents=Zeros memoryPlacement=Device multiplier=1 vectorSize=1),36.272,36.349,0.74%,35.118,36.623,[CPU],[GB/s]
StreamMemory(api=sycl type=Scale size=32MB useEvents=0 contents=Zeros memoryPlacement=Device multiplier=1 vectorSize=2),36.248,36.317,0.60%,35.473,36.577,[CPU],[GB/s]
StreamMemory(api=sycl type=Scale size=32MB useEvents=0 contents=Zeros memoryPlacement=Device multiplier=1 vectorSize=4),36.204,36.300,0.67%,35.304,36.632,[CPU],[GB/s]
StreamMemory(api=sycl type=Scale size=32MB useEvents=0 contents=Zeros memoryPlacement=Host multiplier=1 vectorSize=1),36.264,36.351,0.58%,35.546,36.504,[CPU],[GB/s]
StreamMemory(api=sycl type=Scale size=32MB useEvents=0 contents=Zeros memoryPlacement=Host multiplier=1 vectorSize=2),36.272,36.357,0.60%,35.277,36.610,[CPU],[GB/s]
StreamMemory(api=sycl type=Scale size=32MB useEvents=0 contents=Zeros memoryPlacement=Host multiplier=1 vectorSize=4),36.169,36.242,0.62%,35.193,36.571,[CPU],[GB/s]
StreamMemory(api=sycl type=Scale size=32MB useEvents=0 contents=Random memoryPlacement=Device multiplier=1 vectorSize=1),36.181,36.281,0.91%,34.208,36.525,[CPU],[GB/s]
StreamMemory(api=sycl type=Scale size=32MB useEvents=0 contents=Random memoryPlacement=Device multiplier=1 vectorSize=2),36.236,36.328,0.72%,35.176,36.632,[CPU],[GB/s]
StreamMemory(api=sycl type=Scale size=32MB useEvents=0 contents=Random memoryPlacement=Device multiplier=1 vectorSize=4),36.229,36.297,0.60%,35.418,36.583,[CPU],[GB/s]
StreamMemory(api=sycl type=Scale size=32MB useEvents=0 contents=Random memoryPlacement=Host multiplier=1 vectorSize=1),36.211,36.269,0.69%,35.496,36.692,[CPU],[GB/s]
StreamMemory(api=sycl type=Scale size=32MB useEvents=0 contents=Random memoryPlacement=Host multiplier=1 vectorSize=2),36.411,36.494,0.83%,34.261,36.729,[CPU],[GB/s]
StreamMemory(api=sycl type=Scale size=32MB useEvents=0 contents=Random memoryPlacement=Host multiplier=1 vectorSize=4),36.346,36.452,0.72%,35.209,36.644,[CPU],[GB/s]
StreamMemory(api=sycl type=Scale size=32MB useEvents=1 contents=Zeros memoryPlacement=Device multiplier=1 vectorSize=1),37.305,37.403,0.65%,36.506,37.716,[GPU],[GB/s]
StreamMemory(api=sycl type=Scale size=32MB useEvents=1 contents=Zeros memoryPlacement=Device multiplier=1 vectorSize=2),37.240,37.322,0.73%,35.767,37.623,[GPU],[GB/s]
StreamMemory(api=sycl type=Scale size=32MB useEvents=1 contents=Zeros memoryPlacement=Device multiplier=1 vectorSize=4),37.247,37.321,0.65%,36.382,37.621,[GPU],[GB/s]
StreamMemory(api=sycl type=Scale size=32MB useEvents=1 contents=Zeros memoryPlacement=Host multiplier=1 vectorSize=1),37.203,37.257,0.60%,36.555,37.577,[GPU],[GB/s]
StreamMemory(api=sycl type=Scale size=32MB useEvents=1 contents=Zeros memoryPlacement=Host multiplier=1 vectorSize=2),37.153,37.208,0.70%,36.229,37.619,[GPU],[GB/s]
StreamMemory(api=sycl type=Scale size=32MB useEvents=1 contents=Zeros memoryPlacement=Host multiplier=1 vectorSize=4),37.266,37.321,0.67%,36.364,37.634,[GPU],[GB/s]
StreamMemory(api=sycl type=Scale size=32MB useEvents=1 contents=Random memoryPlacement=Device multiplier=1 vectorSize=1),37.226,37.293,0.66%,36.566,37.636,[GPU],[GB/s]
StreamMemory(api=sycl type=Scale size=32MB useEvents=1 contents=Random memoryPlacement=Device multiplier=1 vectorSize=2),37.268,37.317,0.65%,36.549,37.621,[GPU],[GB/s]
StreamMemory(api=sycl type=Scale size=32MB useEvents=1 contents=Random memoryPlacement=Device multiplier=1 vectorSize=4),37.200,37.240,0.64%,36.215,37.667,[GPU],[GB/s]
StreamMemory(api=sycl type=Scale size=32MB useEvents=1 contents=Random memoryPlacement=Host multiplier=1 vectorSize=1),37.273,37.317,0.64%,36.391,37.663,[GPU],[GB/s]
StreamMemory(api=sycl type=Scale size=32MB useEvents=1 contents=Random memoryPlacement=Host multiplier=1 vectorSize=2),37.257,37.312,0.77%,35.653,37.720,[GPU],[GB/s]
StreamMemory(api=sycl type=Scale size=32MB useEvents=1 contents=Random memoryPlacement=Host multiplier=1 vectorSize=4),37.281,37.327,0.53%,36.467,37.685,[GPU],[GB/s]
StreamMemory(api=sycl type=Scale size=128MB useEvents=0 contents=Zeros memoryPlacement=Device multiplier=1 vectorSize=1),37.157,37.182,0.42%,36.257,37.372,[CPU],[GB/s]
StreamMemory(api=sycl type=Scale size=128MB useEvents=0 contents=Zeros memoryPlacement=Device multiplier=1 vectorSize=2),37.217,37.226,0.28%,36.897,37.419,[CPU],[GB/s]
StreamMemory(api=sycl type=Scale size=128MB useEvents=0 contents=Zeros memoryPlacement=Device multiplier=1 vectorSize=4),37.194,37.203,0.32%,36.865,37.378,[CPU],[GB/s]
StreamMemory(api=sycl type=Scale size=128MB useEvents=0 contents=Zeros memoryPlacement=Host multiplier=1 vectorSize=1),37.180,37.191,0.32%,36.679,37.373,[CPU],[GB/s]
StreamMemory(api=sycl type=Scale size=128MB useEvents=0 contents=Zeros memoryPlacement=Host multiplier=1 vectorSize=2),37.185,37.221,0.38%,36.641,37.392,[CPU],[GB/s]
StreamMemory(api=sycl type=Scale size=128MB useEvents=0 contents=Zeros memoryPlacement=Host multiplier=1 vectorSize=4),37.198,37.226,0.34%,36.688,37.372,[CPU],[GB/s]
StreamMemory(api=sycl type=Scale size=128MB useEvents=0 contents=Random memoryPlacement=Device multiplier=1 vectorSize=1),37.179,37.197,0.36%,36.716,37.377,[CPU],[GB/s]
StreamMemory(api=sycl type=Scale size=128MB useEvents=0 contents=Random memoryPlacement=Device multiplier=1 vectorSize=2),37.181,37.178,0.34%,36.584,37.368,[CPU],[GB/s]
StreamMemory(api=sycl type=Scale size=128MB useEvents=0 contents=Random memoryPlacement=Device multiplier=1 vectorSize=4),37.215,37.227,0.36%,36.651,37.413,[CPU],[GB/s]
StreamMemory(api=sycl type=Scale size=128MB useEvents=0 contents=Random memoryPlacement=Host multiplier=1 vectorSize=1),37.179,37.177,0.33%,36.787,37.394,[CPU],[GB/s]
StreamMemory(api=sycl type=Scale size=128MB useEvents=0 contents=Random memoryPlacement=Host multiplier=1 vectorSize=2),37.186,37.207,0.36%,36.397,37.353,[CPU],[GB/s]
StreamMemory(api=sycl type=Scale size=128MB useEvents=0 contents=Random memoryPlacement=Host multiplier=1 vectorSize=4),37.213,37.220,0.28%,36.949,37.382,[CPU],[GB/s]
StreamMemory(api=sycl type=Scale size=128MB useEvents=1 contents=Zeros memoryPlacement=Device multiplier=1 vectorSize=1),37.534,37.550,0.28%,37.230,37.729,[GPU],[GB/s]
StreamMemory(api=sycl type=Scale size=128MB useEvents=1 contents=Zeros memoryPlacement=Device multiplier=1 vectorSize=2),37.477,37.472,0.28%,37.190,37.639,[GPU],[GB/s]
StreamMemory(api=sycl type=Scale size=128MB useEvents=1 contents=Zeros memoryPlacement=Device multiplier=1 vectorSize=4),37.443,37.470,0.46%,36.870,37.698,[GPU],[GB/s]
StreamMemory(api=sycl type=Scale size=128MB useEvents=1 contents=Zeros memoryPlacement=Host multiplier=1 vectorSize=1),37.410,37.442,0.50%,36.695,37.752,[GPU],[GB/s]
StreamMemory(api=sycl type=Scale size=128MB useEvents=1 contents=Zeros memoryPlacement=Host multiplier=1 vectorSize=2),37.367,37.369,0.39%,36.890,37.650,[GPU],[GB/s]
StreamMemory(api=sycl type=Scale size=128MB useEvents=1 contents=Zeros memoryPlacement=Host multiplier=1 vectorSize=4),37.409,37.409,0.44%,36.906,37.693,[GPU],[GB/s]
StreamMemory(api=sycl type=Scale size=128MB useEvents=1 contents=Random memoryPlacement=Device multiplier=1 vectorSize=1),37.310,37.336,0.46%,36.567,37.596,[GPU],[GB/s]
StreamMemory(api=sycl type=Scale size=128MB useEvents=1 contents=Random memoryPlacement=Device multiplier=1 vectorSize=2),37.400,37.431,0.53%,36.753,37.693,[GPU],[GB/s]
StreamMemory(api=sycl type=Scale size=128MB useEvents=1 contents=Random memoryPlacement=Device multiplier=1 vectorSize=4),37.335,37.363,0.51%,36.811,37.646,[GPU],[GB/s]
StreamMemory(api=sycl type=Scale size=128MB useEvents=1 contents=Random memoryPlacement=Host multiplier=1 vectorSize=1),37.361,37.399,0.47%,36.910,37.701,[GPU],[GB/s]
StreamMemory(api=sycl type=Scale size=128MB useEvents=1 contents=Random memoryPlacement=Host multiplier=1 vectorSize=2),37.405,37.456,0.61%,36.201,37.686,[GPU],[GB/s]
StreamMemory(api=sycl type=Scale size=128MB useEvents=1 contents=Random memoryPlacement=Host multiplier=1 vectorSize=4),37.545,37.551,0.28%,37.240,37.716,[GPU],[GB/s]
StreamMemory(api=sycl type=Scale size=512MB useEvents=0 contents=Zeros memoryPlacement=Device multiplier=1 vectorSize=1),37.568,37.585,0.14%,37.397,37.669,[CPU],[GB/s]
StreamMemory(api=sycl type=Scale size=512MB useEvents=0 contents=Zeros memoryPlacement=Device multiplier=1 vectorSize=2),37.527,37.547,0.17%,37.333,37.619,[CPU],[GB/s]
StreamMemory(api=sycl type=Scale size=512MB useEvents=0 contents=Zeros memoryPlacement=Device multiplier=1 vectorSize=4),37.533,37.552,0.19%,37.245,37.635,[CPU],[GB/s]
StreamMemory(api=sycl type=Scale size=512MB useEvents=0 contents=Zeros memoryPlacement=Host multiplier=1 vectorSize=1),37.521,37.536,0.18%,37.303,37.620,[CPU],[GB/s]
StreamMemory(api=sycl type=Scale size=512MB useEvents=0 contents=Zeros memoryPlacement=Host multiplier=1 vectorSize=2),37.513,37.545,0.42%,36.040,37.608,[CPU],[GB/s]
StreamMemory(api=sycl type=Scale size=512MB useEvents=0 contents=Zeros memoryPlacement=Host multiplier=1 vectorSize=4),37.513,37.527,0.17%,37.323,37.608,[CPU],[GB/s]
StreamMemory(api=sycl type=Scale size=512MB useEvents=0 contents=Random memoryPlacement=Device multiplier=1 vectorSize=1),37.517,37.528,0.17%,37.309,37.616,[CPU],[GB/s]
StreamMemory(api=sycl type=Scale size=512MB useEvents=0 contents=Random memoryPlacement=Device multiplier=1 vectorSize=2),37.524,37.538,0.15%,37.337,37.613,[CPU],[GB/s]
StreamMemory(api=sycl type=Scale size=512MB useEvents=0 contents=Random memoryPlacement=Device multiplier=1 vectorSize=4),37.339,37.348,0.33%,36.955,37.602,[CPU],[GB/s]
StreamMemory(api=sycl type=Scale size=512MB useEvents=0 contents=Random memoryPlacement=Host multiplier=1 vectorSize=1),37.436,37.478,0.37%,36.804,37.597,[CPU],[GB/s]
StreamMemory(api=sycl type=Scale size=512MB useEvents=0 contents=Random memoryPlacement=Host multiplier=1 vectorSize=2),37.509,37.523,0.16%,37.330,37.617,[CPU],[GB/s]
StreamMemory(api=sycl type=Scale size=512MB useEvents=0 contents=Random memoryPlacement=Host multiplier=1 vectorSize=4),37.525,37.536,0.17%,37.307,37.631,[CPU],[GB/s]
StreamMemory(api=sycl type=Scale size=512MB useEvents=1 contents=Zeros memoryPlacement=Device multiplier=1 vectorSize=1),37.664,37.673,0.15%,37.481,37.769,[GPU],[GB/s]
StreamMemory(api=sycl type=Scale size=512MB useEvents=1 contents=Zeros memoryPlacement=Device multiplier=1 vectorSize=2),37.631,37.658,0.24%,37.166,37.748,[GPU],[GB/s]
StreamMemory(api=sycl type=Scale size=512MB useEvents=1 contents=Zeros memoryPlacement=Device multiplier=1 vectorSize=4),37.632,37.646,0.17%,37.356,37.741,[GPU],[GB/s]
StreamMemory(api=sycl type=Scale size=512MB useEvents=1 contents=Zeros memoryPlacement=Host multiplier=1 vectorSize=1),37.665,37.685,0.17%,37.487,37.750,[GPU],[GB/s]
StreamMemory(api=sycl type=Scale size=512MB useEvents=1 contents=Zeros memoryPlacement=Host multiplier=1 vectorSize=2),37.632,37.651,0.18%,37.378,37.719,[GPU],[GB/s]
StreamMemory(api=sycl type=Scale size=512MB useEvents=1 contents=Zeros memoryPlacement=Host multiplier=1 vectorSize=4),37.626,37.653,0.26%,37.174,37.774,[GPU],[GB/s]
StreamMemory(api=sycl type=Scale size=512MB useEvents=1 contents=Random memoryPlacement=Device multiplier=1 vectorSize=1),37.500,37.503,0.29%,37.088,37.725,[GPU],[GB/s]
StreamMemory(api=sycl type=Scale size=512MB useEvents=1 contents=Random memoryPlacement=Device multiplier=1 vectorSize=2),37.485,37.498,0.32%,37.102,37.696,[GPU],[GB/s]
StreamMemory(api=sycl type=Scale size=512MB useEvents=1 contents=Random memoryPlacement=Device multiplier=1 vectorSize=4),37.673,37.686,0.15%,37.503,37.768,[GPU],[GB/s]
StreamMemory(api=sycl type=Scale size=512MB useEvents=1 contents=Random memoryPlacement=Host multiplier=1 vectorSize=1),37.651,37.679,0.21%,37.345,37.775,[GPU],[GB/s]
StreamMemory(api=sycl type=Scale size=512MB useEvents=1 contents=Random memoryPlacement=Host multiplier=1 vectorSize=2),37.652,37.674,0.17%,37.468,37.740,[GPU],[GB/s]
StreamMemory(api=sycl type=Scale size=512MB useEvents=1 contents=Random memoryPlacement=Host multiplier=1 vectorSize=4),37.651,37.666,0.14%,37.468,37.734,[GPU],[GB/s]
StreamMemory(api=sycl type=Scale size=1GB useEvents=0 contents=Zeros memoryPlacement=Device multiplier=1 vectorSize=1),37.694,37.703,0.13%,37.481,37.768,[CPU],[GB/s]
StreamMemory(api=sycl type=Scale size=1GB useEvents=0 contents=Zeros memoryPlacement=Device multiplier=1 vectorSize=2),37.725,37.733,0.10%,37.619,37.795,[CPU],[GB/s]
StreamMemory(api=sycl type=Scale size=1GB useEvents=0 contents=Zeros memoryPlacement=Device multiplier=1 vectorSize=4),37.578,37.581,0.26%,37.353,37.782,[CPU],[GB/s]
StreamMemory(api=sycl type=Scale size=1GB useEvents=0 contents=Zeros memoryPlacement=Host multiplier=1 vectorSize=1),37.723,37.733,0.13%,37.541,37.795,[CPU],[GB/s]
StreamMemory(api=sycl type=Scale size=1GB useEvents=0 contents=Zeros memoryPlacement=Host multiplier=1 vectorSize=2),37.693,37.705,0.13%,37.559,37.776,[CPU],[GB/s]
StreamMemory(api=sycl type=Scale size=1GB useEvents=0 contents=Zeros memoryPlacement=Host multiplier=1 vectorSize=4),37.710,37.724,0.11%,37.600,37.779,[CPU],[GB/s]
StreamMemory(api=sycl type=Scale size=1GB useEvents=0 contents=Random memoryPlacement=Device multiplier=1 vectorSize=1),37.699,37.706,0.14%,37.422,37.777,[CPU],[GB/s]
StreamMemory(api=sycl type=Scale size=1GB useEvents=0 contents=Random memoryPlacement=Device multiplier=1 vectorSize=2),37.543,37.571,0.37%,36.809,37.735,[CPU],[GB/s]
StreamMemory(api=sycl type=Scale size=1GB useEvents=0 contents=Random memoryPlacement=Device multiplier=1 vectorSize=4),37.715,37.743,0.23%,37.441,37.816,[CPU],[GB/s]
StreamMemory(api=sycl type=Scale size=1GB useEvents=0 contents=Random memoryPlacement=Host multiplier=1 vectorSize=1),37.742,37.749,0.11%,37.613,37.808,[CPU],[GB/s]
StreamMemory(api=sycl type=Scale size=1GB useEvents=0 contents=Random memoryPlacement=Host multiplier=1 vectorSize=2),37.742,37.751,0.14%,37.565,37.825,[CPU],[GB/s]
StreamMemory(api=sycl type=Scale size=1GB useEvents=0 contents=Random memoryPlacement=Host multiplier=1 vectorSize=4),37.716,37.720,0.12%,37.552,37.808,[CPU],[GB/s]
StreamMemory(api=sycl type=Scale size=1GB useEvents=1 contents=Zeros memoryPlacement=Device multiplier=1 vectorSize=1),37.730,37.760,0.26%,37.483,37.865,[GPU],[GB/s]
StreamMemory(api=sycl type=Scale size=1GB useEvents=1 contents=Zeros memoryPlacement=Device multiplier=1 vectorSize=2),37.808,37.835,0.20%,37.537,37.899,[GPU],[GB/s]
StreamMemory(api=sycl type=Scale size=1GB useEvents=1 contents=Zeros memoryPlacement=Device multiplier=1 vectorSize=4),37.798,37.807,0.12%,37.657,37.885,[GPU],[GB/s]
StreamMemory(api=sycl type=Scale size=1GB useEvents=1 contents=Zeros memoryPlacement=Host multiplier=1 vectorSize=1),37.796,37.805,0.13%,37.668,37.871,[GPU],[GB/s]
StreamMemory(api=sycl type=Scale size=1GB useEvents=1 contents=Zeros memoryPlacement=Host multiplier=1 vectorSize=2),37.792,37.799,0.12%,37.659,37.869,[GPU],[GB/s]
StreamMemory(api=sycl type=Scale size=1GB useEvents=1 contents=Zeros memoryPlacement=Host multiplier=1 vectorSize=4),37.727,37.752,0.32%,36.980,37.875,[GPU],[GB/s]
StreamMemory(api=sycl type=Scale size=1GB useEvents=1 contents=Random memoryPlacement=Device multiplier=1 vectorSize=1),37.702,37.723,0.30%,37.466,37.874,[GPU],[GB/s]
StreamMemory(api=sycl type=Scale size=1GB useEvents=1 contents=Random memoryPlacement=Device multiplier=1 vectorSize=2),37.813,37.821,0.12%,37.706,37.890,[GPU],[GB/s]
StreamMemory(api=sycl type=Scale size=1GB useEvents=1 contents=Random memoryPlacement=Device multiplier=1 vectorSize=4),37.833,37.848,0.14%,37.673,37.916,[GPU],[GB/s]
StreamMemory(api=sycl type=Scale size=1GB useEvents=1 contents=Random memoryPlacement=Host multiplier=1 vectorSize=1),37.796,37.799,0.10%,37.706,37.852,[GPU],[GB/s]
StreamMemory(api=sycl type=Scale size=1GB useEvents=1 contents=Random memoryPlacement=Host multiplier=1 vectorSize=2),37.790,37.806,0.19%,37.555,37.893,[GPU],[GB/s]
StreamMemory(api=sycl type=Scale size=1GB useEvents=1 contents=Random memoryPlacement=Host multiplier=1 vectorSize=4),37.732,37.752,0.29%,37.336,37.899,[GPU],[GB/s]
StreamMemory(api=sycl type=Triad size=1MB useEvents=0 contents=Zeros memoryPlacement=Device multiplier=1 vectorSize=1),36.760,37.825,8.41%,21.437,39.045,[CPU],[GB/s]
StreamMemory(api=sycl type=Triad size=1MB useEvents=0 contents=Zeros memoryPlacement=Device multiplier=1 vectorSize=2),37.848,37.954,1.86%,33.160,39.115,[CPU],[GB/s]
StreamMemory(api=sycl type=Triad size=1MB useEvents=0 contents=Zeros memoryPlacement=Device multiplier=1 vectorSize=4),37.717,37.775,1.93%,33.214,39.106,[CPU],[GB/s]
StreamMemory(api=sycl type=Triad size=1MB useEvents=0 contents=Zeros memoryPlacement=Host multiplier=1 vectorSize=1),37.898,37.980,1.72%,34.252,39.111,[CPU],[GB/s]
StreamMemory(api=sycl type=Triad size=1MB useEvents=0 contents=Zeros memoryPlacement=Host multiplier=1 vectorSize=2),37.761,37.866,2.60%,30.748,38.902,[CPU],[GB/s]
StreamMemory(api=sycl type=Triad size=1MB useEvents=0 contents=Zeros memoryPlacement=Host multiplier=1 vectorSize=4),37.818,37.862,1.61%,34.453,38.768,[CPU],[GB/s]
StreamMemory(api=sycl type=Triad size=1MB useEvents=0 contents=Random memoryPlacement=Device multiplier=1 vectorSize=1),37.818,37.884,2.41%,31.653,39.566,[CPU],[GB/s]
StreamMemory(api=sycl type=Triad size=1MB useEvents=0 contents=Random memoryPlacement=Device multiplier=1 vectorSize=2),37.305,37.579,3.19%,32.414,38.930,[CPU],[GB/s]
StreamMemory(api=sycl type=Triad size=1MB useEvents=0 contents=Random memoryPlacement=Device multiplier=1 vectorSize=4),37.909,37.914,1.58%,34.198,38.971,[CPU],[GB/s]
StreamMemory(api=sycl type=Triad size=1MB useEvents=0 contents=Random memoryPlacement=Host multiplier=1 vectorSize=1),37.324,38.000,4.74%,31.189,39.940,[CPU],[GB/s]
StreamMemory(api=sycl type=Triad size=1MB useEvents=0 contents=Random memoryPlacement=Host multiplier=1 vectorSize=2),37.406,38.088,5.03%,28.858,39.375,[CPU],[GB/s]
StreamMemory(api=sycl type=Triad size=1MB useEvents=0 contents=Random memoryPlacement=Host multiplier=1 vectorSize=4),38.016,38.359,3.21%,31.051,39.393,[CPU],[GB/s]
StreamMemory(api=sycl type=Triad size=1MB useEvents=1 contents=Zeros memoryPlacement=Device multiplier=1 vectorSize=1),71.449,71.932,3.69%,54.110,75.056,[GPU],[GB/s]
StreamMemory(api=sycl type=Triad size=1MB useEvents=1 contents=Zeros memoryPlacement=Device multiplier=1 vectorSize=2),70.171,71.338,6.06%,51.180,74.870,[GPU],[GB/s]
StreamMemory(api=sycl type=Triad size=1MB useEvents=1 contents=Zeros memoryPlacement=Device multiplier=1 vectorSize=4),70.994,71.676,4.17%,57.614,75.056,[GPU],[GB/s]
StreamMemory(api=sycl type=Triad size=1MB useEvents=1 contents=Zeros memoryPlacement=Host multiplier=1 vectorSize=1),70.561,71.338,4.76%,50.496,75.056,[GPU],[GB/s]
StreamMemory(api=sycl type=Triad size=1MB useEvents=1 contents=Zeros memoryPlacement=Host multiplier=1 vectorSize=2),70.618,71.676,5.03%,54.304,74.870,[GPU],[GB/s]
StreamMemory(api=sycl type=Triad size=1MB useEvents=1 contents=Zeros memoryPlacement=Host multiplier=1 vectorSize=4),70.111,71.338,6.17%,50.328,75.242,[GPU],[GB/s]
StreamMemory(api=sycl type=Triad size=1MB useEvents=1 contents=Random memoryPlacement=Device multiplier=1 vectorSize=1),70.602,71.676,5.00%,54.598,74.501,[GPU],[GB/s]
StreamMemory(api=sycl type=Triad size=1MB useEvents=1 contents=Random memoryPlacement=Device multiplier=1 vectorSize=2),71.015,71.592,5.15%,50.666,77.162,[GPU],[GB/s]
StreamMemory(api=sycl type=Triad size=1MB useEvents=1 contents=Random memoryPlacement=Device multiplier=1 vectorSize=4),70.821,71.761,4.36%,60.738,75.430,[GPU],[GB/s]
StreamMemory(api=sycl type=Triad size=1MB useEvents=1 contents=Random memoryPlacement=Host multiplier=1 vectorSize=1),70.575,71.761,5.53%,52.788,74.685,[GPU],[GB/s]
StreamMemory(api=sycl type=Triad size=1MB useEvents=1 contents=Random memoryPlacement=Host multiplier=1 vectorSize=2),70.559,72.018,6.12%,49.505,74.685,[GPU],[GB/s]
StreamMemory(api=sycl type=Triad size=1MB useEvents=1 contents=Random memoryPlacement=Host multiplier=1 vectorSize=4),70.677,71.761,5.65%,49.831,75.618,[GPU],[GB/s]
StreamMemory(api=sycl type=Triad size=8MB useEvents=0 contents=Zeros memoryPlacement=Device multiplier=1 vectorSize=1),55.996,56.512,2.69%,48.312,57.642,[CPU],[GB/s]
StreamMemory(api=sycl type=Triad size=8MB useEvents=0 contents=Zeros memoryPlacement=Device multiplier=1 vectorSize=2),56.132,56.468,2.58%,46.207,57.774,[CPU],[GB/s]
StreamMemory(api=sycl type=Triad size=8MB useEvents=0 contents=Zeros memoryPlacement=Device multiplier=1 vectorSize=4),56.011,56.628,3.23%,47.643,57.965,[CPU],[GB/s]
StreamMemory(api=sycl type=Triad size=8MB useEvents=0 contents=Zeros memoryPlacement=Host multiplier=1 vectorSize=1),55.995,56.619,3.25%,47.836,58.322,[CPU],[GB/s]
StreamMemory(api=sycl type=Triad size=8MB useEvents=0 contents=Zeros memoryPlacement=Host multiplier=1 vectorSize=2),55.988,56.479,3.21%,45.595,57.330,[CPU],[GB/s]
StreamMemory(api=sycl type=Triad size=8MB useEvents=0 contents=Zeros memoryPlacement=Host multiplier=1 vectorSize=4),56.834,57.277,2.95%,47.975,58.494,[CPU],[GB/s]
StreamMemory(api=sycl type=Triad size=8MB useEvents=0 contents=Random memoryPlacement=Device multiplier=1 vectorSize=1),56.265,56.549,2.55%,47.162,58.083,[CPU],[GB/s]
StreamMemory(api=sycl type=Triad size=8MB useEvents=0 contents=Random memoryPlacement=Device multiplier=1 vectorSize=2),56.653,57.086,2.83%,47.134,58.337,[CPU],[GB/s]
StreamMemory(api=sycl type=Triad size=8MB useEvents=0 contents=Random memoryPlacement=Device multiplier=1 vectorSize=4),56.914,57.311,2.87%,47.007,58.525,[CPU],[GB/s]
StreamMemory(api=sycl type=Triad size=8MB useEvents=0 contents=Random memoryPlacement=Host multiplier=1 vectorSize=1),56.239,56.663,2.99%,47.721,57.829,[CPU],[GB/s]
StreamMemory(api=sycl type=Triad size=8MB useEvents=0 contents=Random memoryPlacement=Host multiplier=1 vectorSize=2),56.828,57.152,2.61%,47.745,58.699,[CPU],[GB/s]
StreamMemory(api=sycl type=Triad size=8MB useEvents=0 contents=Random memoryPlacement=Host multiplier=1 vectorSize=4),56.404,57.404,5.13%,43.039,59.037,[CPU],[GB/s]
StreamMemory(api=sycl type=Triad size=8MB useEvents=1 contents=Zeros memoryPlacement=Device multiplier=1 vectorSize=1),62.224,62.374,1.82%,57.491,63.982,[GPU],[GB/s]
StreamMemory(api=sycl type=Triad size=8MB useEvents=1 contents=Zeros memoryPlacement=Device multiplier=1 vectorSize=2),62.426,62.754,2.41%,56.709,64.735,[GPU],[GB/s]
StreamMemory(api=sycl type=Triad size=8MB useEvents=1 contents=Zeros memoryPlacement=Device multiplier=1 vectorSize=4),63.591,63.990,2.66%,56.603,65.737,[GPU],[GB/s]
StreamMemory(api=sycl type=Triad size=8MB useEvents=1 contents=Zeros memoryPlacement=Host multiplier=1 vectorSize=1),63.473,63.654,2.18%,54.086,65.559,[GPU],[GB/s]
StreamMemory(api=sycl type=Triad size=8MB useEvents=1 contents=Zeros memoryPlacement=Host multiplier=1 vectorSize=2),64.022,64.390,2.23%,57.752,66.006,[GPU],[GB/s]
StreamMemory(api=sycl type=Triad size=8MB useEvents=1 contents=Zeros memoryPlacement=Host multiplier=1 vectorSize=4),63.098,63.304,2.11%,56.105,65.382,[GPU],[GB/s]
StreamMemory(api=sycl type=Triad size=8MB useEvents=1 contents=Random memoryPlacement=Device multiplier=1 vectorSize=1),64.430,64.996,2.92%,53.429,66.588,[GPU],[GB/s]
StreamMemory(api=sycl type=Triad size=8MB useEvents=1 contents=Random memoryPlacement=Device multiplier=1 vectorSize=2),63.948,64.597,2.88%,56.630,66.096,[GPU],[GB/s]
StreamMemory(api=sycl type=Triad size=8MB useEvents=1 contents=Random memoryPlacement=Device multiplier=1 vectorSize=4),62.839,63.130,2.21%,54.933,64.856,[GPU],[GB/s]
StreamMemory(api=sycl type=Triad size=8MB useEvents=1 contents=Random memoryPlacement=Host multiplier=1 vectorSize=1),62.545,63.081,2.58%,56.248,64.891,[GPU],[GB/s]
StreamMemory(api=sycl type=Triad size=8MB useEvents=1 contents=Random memoryPlacement=Host multiplier=1 vectorSize=2),64.166,64.735,2.75%,57.724,66.514,[GPU],[GB/s]
StreamMemory(api=sycl type=Triad size=8MB useEvents=1 contents=Random memoryPlacement=Host multiplier=1 vectorSize=4),63.232,63.562,2.21%,57.765,65.171,[GPU],[GB/s]
StreamMemory(api=sycl type=Triad size=32MB useEvents=0 contents=Zeros memoryPlacement=Device multiplier=1 vectorSize=1),38.779,38.868,0.62%,37.280,39.074,[CPU],[GB/s]
StreamMemory(api=sycl type=Triad size=32MB useEvents=0 contents=Zeros memoryPlacement=Device multiplier=1 vectorSize=2),38.723,38.805,0.51%,37.779,38.971,[CPU],[GB/s]
StreamMemory(api=sycl type=Triad size=32MB useEvents=0 contents=Zeros memoryPlacement=Device multiplier=1 vectorSize=4),38.757,38.836,0.68%,36.746,39.062,[CPU],[GB/s]
StreamMemory(api=sycl type=Triad size=32MB useEvents=0 contents=Zeros memoryPlacement=Host multiplier=1 vectorSize=1),38.703,38.783,0.70%,36.708,39.017,[CPU],[GB/s]
StreamMemory(api=sycl type=Triad size=32MB useEvents=0 contents=Zeros memoryPlacement=Host multiplier=1 vectorSize=2),38.773,38.850,0.55%,37.743,39.099,[CPU],[GB/s]
StreamMemory(api=sycl type=Triad size=32MB useEvents=0 contents=Zeros memoryPlacement=Host multiplier=1 vectorSize=4),38.702,38.786,0.56%,37.852,39.024,[CPU],[GB/s]
StreamMemory(api=sycl type=Triad size=32MB useEvents=0 contents=Random memoryPlacement=Device multiplier=1 vectorSize=1),38.675,38.775,0.60%,37.353,38.911,[CPU],[GB/s]
StreamMemory(api=sycl type=Triad size=32MB useEvents=0 contents=Random memoryPlacement=Device multiplier=1 vectorSize=2),38.641,38.791,1.11%,35.508,39.025,[CPU],[GB/s]
StreamMemory(api=sycl type=Triad size=32MB useEvents=0 contents=Random memoryPlacement=Device multiplier=1 vectorSize=4),38.672,38.795,0.82%,36.989,39.018,[CPU],[GB/s]
StreamMemory(api=sycl type=Triad size=32MB useEvents=0 contents=Random memoryPlacement=Host multiplier=1 vectorSize=1),38.688,38.777,0.65%,37.193,39.090,[CPU],[GB/s]
StreamMemory(api=sycl type=Triad size=32MB useEvents=0 contents=Random memoryPlacement=Host multiplier=1 vectorSize=2),38.706,38.799,0.73%,36.910,38.995,[CPU],[GB/s]
StreamMemory(api=sycl type=Triad size=32MB useEvents=0 contents=Random memoryPlacement=Host multiplier=1 vectorSize=4),38.728,38.829,0.66%,37.047,39.011,[CPU],[GB/s]
StreamMemory(api=sycl type=Triad size=32MB useEvents=1 contents=Zeros memoryPlacement=Device multiplier=1 vectorSize=1),39.535,39.594,0.47%,38.808,39.840,[GPU],[GB/s]
StreamMemory(api=sycl type=Triad size=32MB useEvents=1 contents=Zeros memoryPlacement=Device multiplier=1 vectorSize=2),39.491,39.564,0.45%,38.921,39.737,[GPU],[GB/s]
StreamMemory(api=sycl type=Triad size=32MB useEvents=1 contents=Zeros memoryPlacement=Device multiplier=1 vectorSize=4),39.536,39.604,0.46%,38.875,39.758,[GPU],[GB/s]
StreamMemory(api=sycl type=Triad size=32MB useEvents=1 contents=Zeros memoryPlacement=Host multiplier=1 vectorSize=1),39.492,39.566,0.48%,38.836,39.753,[GPU],[GB/s]
StreamMemory(api=sycl type=Triad size=32MB useEvents=1 contents=Zeros memoryPlacement=Host multiplier=1 vectorSize=2),39.522,39.598,0.44%,38.939,39.758,[GPU],[GB/s]
StreamMemory(api=sycl type=Triad size=32MB useEvents=1 contents=Zeros memoryPlacement=Host multiplier=1 vectorSize=4),39.478,39.558,0.50%,38.632,39.760,[GPU],[GB/s]
StreamMemory(api=sycl type=Triad size=32MB useEvents=1 contents=Random memoryPlacement=Device multiplier=1 vectorSize=1),39.518,39.579,0.49%,38.830,39.799,[GPU],[GB/s]
StreamMemory(api=sycl type=Triad size=32MB useEvents=1 contents=Random memoryPlacement=Device multiplier=1 vectorSize=2),39.550,39.626,0.45%,38.964,39.873,[GPU],[GB/s]
StreamMemory(api=sycl type=Triad size=32MB useEvents=1 contents=Random memoryPlacement=Device multiplier=1 vectorSize=4),39.505,39.591,0.53%,38.438,39.744,[GPU],[GB/s]
StreamMemory(api=sycl type=Triad size=32MB useEvents=1 contents=Random memoryPlacement=Host multiplier=1 vectorSize=1),39.543,39.620,0.49%,38.584,39.816,[GPU],[GB/s]
StreamMemory(api=sycl type=Triad size=32MB useEvents=1 contents=Random memoryPlacement=Host multiplier=1 vectorSize=2),39.510,39.594,0.54%,38.417,39.780,[GPU],[GB/s]
StreamMemory(api=sycl type=Triad size=32MB useEvents=1 contents=Random memoryPlacement=Host multiplier=1 vectorSize=4),39.509,39.603,0.55%,38.877,39.871,[GPU],[GB/s]
StreamMemory(api=sycl type=Triad size=128MB useEvents=0 contents=Zeros memoryPlacement=Device multiplier=1 vectorSize=1),39.477,39.497,0.28%,39.077,39.637,[CPU],[GB/s]
StreamMemory(api=sycl type=Triad size=128MB useEvents=0 contents=Zeros memoryPlacement=Device multiplier=1 vectorSize=2),39.509,39.527,0.27%,39.028,39.653,[CPU],[GB/s]
StreamMemory(api=sycl type=Triad size=128MB useEvents=0 contents=Zeros memoryPlacement=Device multiplier=1 vectorSize=4),39.471,39.482,0.25%,39.071,39.620,[CPU],[GB/s]
StreamMemory(api=sycl type=Triad size=128MB useEvents=0 contents=Zeros memoryPlacement=Host multiplier=1 vectorSize=1),39.527,39.541,0.25%,39.186,39.678,[CPU],[GB/s]
StreamMemory(api=sycl type=Triad size=128MB useEvents=0 contents=Zeros memoryPlacement=Host multiplier=1 vectorSize=2),39.501,39.521,0.26%,39.095,39.661,[CPU],[GB/s]
StreamMemory(api=sycl type=Triad size=128MB useEvents=0 contents=Zeros memoryPlacement=Host multiplier=1 vectorSize=4),39.512,39.526,0.25%,39.104,39.656,[CPU],[GB/s]
StreamMemory(api=sycl type=Triad size=128MB useEvents=0 contents=Random memoryPlacement=Device multiplier=1 vectorSize=1),39.498,39.508,0.28%,39.078,39.668,[CPU],[GB/s]
StreamMemory(api=sycl type=Triad size=128MB useEvents=0 contents=Random memoryPlacement=Device multiplier=1 vectorSize=2),39.485,39.494,0.23%,39.159,39.625,[CPU],[GB/s]
StreamMemory(api=sycl type=Triad size=128MB useEvents=0 contents=Random memoryPlacement=Device multiplier=1 vectorSize=4),39.468,39.478,0.26%,38.954,39.608,[CPU],[GB/s]
StreamMemory(api=sycl type=Triad size=128MB useEvents=0 contents=Random memoryPlacement=Host multiplier=1 vectorSize=1),39.488,39.504,0.26%,39.040,39.648,[CPU],[GB/s]
StreamMemory(api=sycl type=Triad size=128MB useEvents=0 contents=Random memoryPlacement=Host multiplier=1 vectorSize=2),39.482,39.501,0.26%,39.114,39.627,[CPU],[GB/s]
StreamMemory(api=sycl type=Triad size=128MB useEvents=0 contents=Random memoryPlacement=Host multiplier=1 vectorSize=4),39.488,39.502,0.27%,39.021,39.653,[CPU],[GB/s]
StreamMemory(api=sycl type=Triad size=128MB useEvents=1 contents=Zeros memoryPlacement=Device multiplier=1 vectorSize=1),39.735,39.742,0.22%,39.444,39.870,[GPU],[GB/s]
StreamMemory(api=sycl type=Triad size=128MB useEvents=1 contents=Zeros memoryPlacement=Device multiplier=1 vectorSize=2),39.707,39.724,0.28%,39.212,39.848,[GPU],[GB/s]
StreamMemory(api=sycl type=Triad size=128MB useEvents=1 contents=Zeros memoryPlacement=Device multiplier=1 vectorSize=4),39.568,39.615,0.64%,38.372,39.889,[GPU],[GB/s]
StreamMemory(api=sycl type=Triad size=128MB useEvents=1 contents=Zeros memoryPlacement=Host multiplier=1 vectorSize=1),39.612,39.622,0.33%,39.252,39.877,[GPU],[GB/s]
StreamMemory(api=sycl type=Triad size=128MB useEvents=1 contents=Zeros memoryPlacement=Host multiplier=1 vectorSize=2),39.556,39.551,0.40%,39.145,39.840,[GPU],[GB/s]
StreamMemory(api=sycl type=Triad size=128MB useEvents=1 contents=Zeros memoryPlacement=Host multiplier=1 vectorSize=4),39.551,39.579,0.38%,39.053,39.802,[GPU],[GB/s]
StreamMemory(api=sycl type=Triad size=128MB useEvents=1 contents=Random memoryPlacement=Device multiplier=1 vectorSize=1),39.561,39.593,0.43%,38.977,39.861,[GPU],[GB/s]
StreamMemory(api=sycl type=Triad size=128MB useEvents=1 contents=Random memoryPlacement=Device multiplier=1 vectorSize=2),39.555,39.592,0.51%,38.377,39.845,[GPU],[GB/s]
StreamMemory(api=sycl type=Triad size=128MB useEvents=1 contents=Random memoryPlacement=Device multiplier=1 vectorSize=4),39.739,39.760,0.39%,38.629,39.894,[GPU],[GB/s]
StreamMemory(api=sycl type=Triad size=128MB useEvents=1 contents=Random memoryPlacement=Host multiplier=1 vectorSize=1),39.730,39.741,0.25%,39.397,39.880,[GPU],[GB/s]
StreamMemory(api=sycl type=Triad size=128MB useEvents=1 contents=Random memoryPlacement=Host multiplier=1 vectorSize=2),39.733,39.761,0.29%,39.243,39.887,[GPU],[GB/s]
StreamMemory(api=sycl type=Triad size=128MB useEvents=1 contents=Random memoryPlacement=Host multiplier=1 vectorSize=4),39.762,39.770,0.24%,39.480,39.907,[GPU],[GB/s]
StreamMemory(api=sycl type=Triad size=512MB useEvents=0 contents=Zeros memoryPlacement=Device multiplier=1 vectorSize=1),39.711,39.719,0.12%,39.568,39.782,[CPU],[GB/s]
StreamMemory(api=sycl type=Triad size=512MB useEvents=0 contents=Zeros memoryPlacement=Device multiplier=1 vectorSize=2),39.718,39.732,0.14%,39.575,39.807,[CPU],[GB/s]
StreamMemory(api=sycl type=Triad size=512MB useEvents=0 contents=Zeros memoryPlacement=Device multiplier=1 vectorSize=4),39.711,39.724,0.13%,39.556,39.785,[CPU],[GB/s]
StreamMemory(api=sycl type=Triad size=512MB useEvents=0 contents=Zeros memoryPlacement=Host multiplier=1 vectorSize=1),39.722,39.736,0.14%,39.548,39.798,[CPU],[GB/s]
StreamMemory(api=sycl type=Triad size=512MB useEvents=0 contents=Zeros memoryPlacement=Host multiplier=1 vectorSize=2),39.740,39.752,0.12%,39.584,39.812,[CPU],[GB/s]
StreamMemory(api=sycl type=Triad size=512MB useEvents=0 contents=Zeros memoryPlacement=Host multiplier=1 vectorSize=4),39.555,39.562,0.25%,39.334,39.745,[CPU],[GB/s]
StreamMemory(api=sycl type=Triad size=512MB useEvents=0 contents=Random memoryPlacement=Device multiplier=1 vectorSize=1),39.711,39.724,0.14%,39.528,39.797,[CPU],[GB/s]
StreamMemory(api=sycl type=Triad size=512MB useEvents=0 contents=Random memoryPlacement=Device multiplier=1 vectorSize=2),39.718,39.733,0.15%,39.485,39.810,[CPU],[GB/s]
StreamMemory(api=sycl type=Triad size=512MB useEvents=0 contents=Random memoryPlacement=Device multiplier=1 vectorSize=4),39.724,39.739,0.14%,39.520,39.801,[CPU],[GB/s]
StreamMemory(api=sycl type=Triad size=512MB useEvents=0 contents=Random memoryPlacement=Host multiplier=1 vectorSize=1),39.706,39.720,0.16%,39.447,39.806,[CPU],[GB/s]
StreamMemory(api=sycl type=Triad size=512MB useEvents=0 contents=Random memoryPlacement=Host multiplier=1 vectorSize=2),39.706,39.722,0.15%,39.521,39.789,[CPU],[GB/s]
StreamMemory(api=sycl type=Triad size=512MB useEvents=0 contents=Random memoryPlacement=Host multiplier=1 vectorSize=4),39.713,39.731,0.15%,39.470,39.796,[CPU],[GB/s]
StreamMemory(api=sycl type=Triad size=512MB useEvents=1 contents=Zeros memoryPlacement=Device multiplier=1 vectorSize=1),39.690,39.696,0.37%,38.594,39.917,[GPU],[GB/s]
StreamMemory(api=sycl type=Triad size=512MB useEvents=1 contents=Zeros memoryPlacement=Device multiplier=1 vectorSize=2),39.710,39.731,0.30%,39.370,39.884,[GPU],[GB/s]
StreamMemory(api=sycl type=Triad size=512MB useEvents=1 contents=Zeros memoryPlacement=Device multiplier=1 vectorSize=4),39.838,39.858,0.14%,39.671,39.923,[GPU],[GB/s]
StreamMemory(api=sycl type=Triad size=512MB useEvents=1 contents=Zeros memoryPlacement=Host multiplier=1 vectorSize=1),39.848,39.855,0.12%,39.686,39.920,[GPU],[GB/s]
StreamMemory(api=sycl type=Triad size=512MB useEvents=1 contents=Zeros memoryPlacement=Host multiplier=1 vectorSize=2),39.814,39.839,0.32%,38.685,39.909,[GPU],[GB/s]
StreamMemory(api=sycl type=Triad size=512MB useEvents=1 contents=Zeros memoryPlacement=Host multiplier=1 vectorSize=4),39.830,39.847,0.17%,39.404,39.914,[GPU],[GB/s]
StreamMemory(api=sycl type=Triad size=512MB useEvents=1 contents=Random memoryPlacement=Device multiplier=1 vectorSize=1),39.822,39.835,0.14%,39.655,39.900,[GPU],[GB/s]
StreamMemory(api=sycl type=Triad size=512MB useEvents=1 contents=Random memoryPlacement=Device multiplier=1 vectorSize=2),39.784,39.830,0.28%,39.391,39.910,[GPU],[GB/s]
StreamMemory(api=sycl type=Triad size=512MB useEvents=1 contents=Random memoryPlacement=Device multiplier=1 vectorSize=4),39.714,39.731,0.31%,39.341,39.900,[GPU],[GB/s]
StreamMemory(api=sycl type=Triad size=512MB useEvents=1 contents=Random memoryPlacement=Host multiplier=1 vectorSize=1),39.847,39.857,0.15%,39.575,39.939,[GPU],[GB/s]
StreamMemory(api=sycl type=Triad size=512MB useEvents=1 contents=Random memoryPlacement=Host multiplier=1 vectorSize=2),39.821,39.835,0.15%,39.644,39.907,[GPU],[GB/s]
StreamMemory(api=sycl type=Triad size=512MB useEvents=1 contents=Random memoryPlacement=Host multiplier=1 vectorSize=4),39.822,39.839,0.17%,39.548,39.919,[GPU],[GB/s]
StreamMemory(api=sycl type=Triad size=1GB useEvents=0 contents=Zeros memoryPlacement=Device multiplier=1 vectorSize=1),39.867,39.865,0.11%,39.751,39.953,[CPU],[GB/s]
StreamMemory(api=sycl type=Triad size=1GB useEvents=0 contents=Zeros memoryPlacement=Device multiplier=1 vectorSize=2),39.755,39.739,0.27%,39.455,39.952,[CPU],[GB/s]
StreamMemory(api=sycl type=Triad size=1GB useEvents=0 contents=Zeros memoryPlacement=Device multiplier=1 vectorSize=4),39.912,39.922,0.12%,39.621,39.976,[CPU],[GB/s]
StreamMemory(api=sycl type=Triad size=1GB useEvents=0 contents=Zeros memoryPlacement=Host multiplier=1 vectorSize=1),39.905,39.917,0.09%,39.816,39.967,[CPU],[GB/s]
StreamMemory(api=sycl type=Triad size=1GB useEvents=0 contents=Zeros memoryPlacement=Host multiplier=1 vectorSize=2),39.892,39.901,0.09%,39.806,39.952,[CPU],[GB/s]
StreamMemory(api=sycl type=Triad size=1GB useEvents=0 contents=Zeros memoryPlacement=Host multiplier=1 vectorSize=4),39.799,39.799,0.23%,39.585,39.947,[CPU],[GB/s]
StreamMemory(api=sycl type=Triad size=1GB useEvents=0 contents=Random memoryPlacement=Device multiplier=1 vectorSize=1),39.885,39.894,0.09%,39.808,39.949,[CPU],[GB/s]
StreamMemory(api=sycl type=Triad size=1GB useEvents=0 contents=Random memoryPlacement=Device multiplier=1 vectorSize=2),39.902,39.914,0.10%,39.767,39.977,[CPU],[GB/s]
StreamMemory(api=sycl type=Triad size=1GB useEvents=0 contents=Random memoryPlacement=Device multiplier=1 vectorSize=4),39.833,39.864,0.29%,39.232,39.959,[CPU],[GB/s]
StreamMemory(api=sycl type=Triad size=1GB useEvents=0 contents=Random memoryPlacement=Host multiplier=1 vectorSize=1),39.827,39.857,0.24%,39.625,39.959,[CPU],[GB/s]
StreamMemory(api=sycl type=Triad size=1GB useEvents=0 contents=Random memoryPlacement=Host multiplier=1 vectorSize=2),39.906,39.911,0.09%,39.780,39.972,[CPU],[GB/s]
StreamMemory(api=sycl type=Triad size=1GB useEvents=0 contents=Random memoryPlacement=Host multiplier=1 vectorSize=4),39.874,39.882,0.09%,39.783,39.933,[CPU],[GB/s]
StreamMemory(api=sycl type=Triad size=1GB useEvents=1 contents=Zeros memoryPlacement=Device multiplier=1 vectorSize=1),39.905,39.929,0.25%,39.636,40.037,[GPU],[GB/s]
StreamMemory(api=sycl type=Triad size=1GB useEvents=1 contents=Zeros memoryPlacement=Device multiplier=1 vectorSize=2),39.986,39.998,0.10%,39.883,40.039,[GPU],[GB/s]
StreamMemory(api=sycl type=Triad size=1GB useEvents=1 contents=Zeros memoryPlacement=Device multiplier=1 vectorSize=4),39.980,39.987,0.09%,39.907,40.056,[GPU],[GB/s]
StreamMemory(api=sycl type=Triad size=1GB useEvents=1 contents=Zeros memoryPlacement=Host multiplier=1 vectorSize=1),39.977,39.980,0.09%,39.892,40.038,[GPU],[GB/s]
StreamMemory(api=sycl type=Triad size=1GB useEvents=1 contents=Zeros memoryPlacement=Host multiplier=1 vectorSize=2),39.846,39.840,0.25%,39.377,40.056,[GPU],[GB/s]
StreamMemory(api=sycl type=Triad size=1GB useEvents=1 contents=Zeros memoryPlacement=Host multiplier=1 vectorSize=4),39.987,39.995,0.09%,39.879,40.051,[GPU],[GB/s]
StreamMemory(api=sycl type=Triad size=1GB useEvents=1 contents=Random memoryPlacement=Device multiplier=1 vectorSize=1),39.974,39.986,0.10%,39.867,40.033,[GPU],[GB/s]
StreamMemory(api=sycl type=Triad size=1GB useEvents=1 contents=Random memoryPlacement=Device multiplier=1 vectorSize=2),39.997,40.015,0.18%,39.654,40.070,[GPU],[GB/s]
StreamMemory(api=sycl type=Triad size=1GB useEvents=1 contents=Random memoryPlacement=Device multiplier=1 vectorSize=4),39.909,39.939,0.26%,39.441,40.030,[GPU],[GB/s]
StreamMemory(api=sycl type=Triad size=1GB useEvents=1 contents=Random memoryPlacement=Host multiplier=1 vectorSize=1),40.005,40.019,0.13%,39.694,40.073,[GPU],[GB/s]
StreamMemory(api=sycl type=Triad size=1GB useEvents=1 contents=Random memoryPlacement=Host multiplier=1 vectorSize=2),39.987,39.993,0.09%,39.912,40.053,[GPU],[GB/s]
StreamMemory(api=sycl type=Triad size=1GB useEvents=1 contents=Random memoryPlacement=Host multiplier=1 vectorSize=4),39.893,39.888,0.32%,39.184,40.068,[GPU],[GB/s]
